Workbook

Sheet 1-1.Plan
A1: Plan
C3: P/N | G3: JAN | H3: FEB | I3: MAR | J3: APR | K3: MAY | L3: JUN | M3: JUL | N3: AUG | O3: SEP | P3: OCT | Q3: NOV | R3: DEC
C4: ASSY-001 | G4: 165 | H4: 77 | I4: 202 | J4: 333 | K4: 24 | L4: 37 | M4: 274 | N4: 48 | O4: 187 | P4: 298 | Q4: 29 | R4: 259
C5: ASSY-002 | G5: 109 | H5: 19 | I5: 44 | J5: 222 | K5: 214 | L5: 35 | M5: 123 | N5: 46 | O5: 282 | P5: 217 | Q5: 30 | R5: 289
C6: ASSY-003 | G6: 63 | H6: 114 | I6: 322 | J6: 321 | K6: 298 | L6: 31 | M6: 295 | N6: 299 | O6: 203 | P6: 25 | Q6: 113 | R6: 23
C7: ASSY-004 | G7: 285 | H7: 68 | I7: 148 | J7: 214 | K7: 73 | L7: 276 | M7: 60 | N7: 292 | O7: 157 | P7: 286 | Q7: 349 | R7: 92
C8: ASSY-005 | G8: 52 | H8: 297 | I8: 292 | J8: 327 | K8: 96 | L8: 190 | M8: 49 | N8: 280 | O8: 364 | P8: 32 | Q8: 288 | R8: =#N/A -> #N/A
C9: ASSY-006 | G9: 316 | H9: 105 | I9: 254 | J9: 348 | K9: 272 | L9: 218 | M9: 397 | N9: 160 | O9: 238 | P9: 299 | Q9: 232 | R9: 185
C10: ASSY-007 | G10: 153 | H10: 127 | I10: n/a | J10: 357 | K10: 399 | L10: 124 | M10: 41 | N10: 294 | O10: 153 | P10: 268 | Q10: 253 | R10: 175
C11: ASSY-008 | G11: 373 | H11: 229 | I11: 147 | J11: 311 | K11: 37 | L11: 60 | M11: 262 | N11: 214 | O11: 84 | P11: 387 | Q11: 175 | R11: 77
C12: ASSY-009 | G12: 250 | H12: 215 | I12: 20 | J12: 342 | K12: 39 | L12: 391 | M12: 285 | N12: 293 | O12: 160 | P12: 174 | Q12: 355 | R12: 179
C13: ASSY-010 | G13: 304 | H13: 254 | I13: 296 | J13: 233 | K13: 35 | L13: 47 | M13: 138 | N13: 242 | O13: 356 | P13: 340 | Q13: 33 | R13: 31
C14: ASSY-011 | G14: 374 | H14: 359 | I14: 158 | J14: 331 | K14: 295 | L14: 348 | M14: 228 | N14: 145 | O14: 366 | P14: 197 | Q14: 342 | R14: 177
C15: ASSY-012 | G15: 11 | H15: 236 | I15: 181 | J15: 86 | K15: 312 | L15: 59 | M15: 252 | N15: 30 | O15: 111 | P15: 393 | Q15: 147 | R15: 66
C16: ASSY-013 | G16: 378 | H16: 126 | I16: 203 | J16: 200 | K16: 254 | L16: 41 | M16: 85 | N16: 229 | O16: 205 | P16: 281 | Q16: 142 | R16: 70
C17: ASSY-014 | G17: 220 | H17: 281 | I17: 142 | J17: 361 | K17: 212 | L17: 183 | M17: 349 | N17: 194 | O17: 118 | P17: 77 | Q17: 42 | R17: 90
C18: ASSY-015 | G18: 77 | H18: 118 | I18: 337 | J18: 119 | K18: 6 | L18: 248 | M18: 301 | N18: 93 | O18: 134 | P18: 144 | Q18: 2 | R18: 74
C19: ASSY-016 | G19: 214 | H19: 273 | I19: 189 | J19: 312 | K19: 289 | L19: 163 | M19: 64 | N19: 353 | O19: 263 | P19: 316 | Q19: 335 | R19: 346
C20: ASSY-017 | G20: 378 | H20: 27 | I20: 233 | J20: 399 | K20: 348 | L20: 286 | M20: 200 | N20: 203 | O20: 204 | P20: 201 | Q20: 53 | R20: 246
C21: ASSY-018 | G21: 324 | H21: 205 | I21: 31 | J21: 97 | K21: 34 | L21: 106 | M21: 225 | N21: 83 | O21: 56 | P21: 174 | Q21: 307 | R21: 26
C22: ASSY-019 | G22: 52 | H22: 0 | I22: 290 | J22: 77 | K22: 274 | L22: 51 | M22: 186 | N22: 314 | O22: 13 | P22: 36 | Q22: 106 | R22: 314
... C35: assy-002 | G35: 10 | H35: 10 | I35: 10 | J35: 10 | K35: 10 | L35: 10 | M35: 10 | N35: 10 | O35: 10 | P35: 10 | Q35: 10 | R35: 10
C36: 12345 | G36: 28 | H36: 4 | I36: 33 | J36: 28 | K36: 38 | L36: 65 | M36: 31 | N36: 76 | O36: 42 | P36: 34 | Q36: 70 | R36: 54
G37: 99 | H37: 99 | I37: 99 | J37: 99 | K37: 99 | L37: 99 | M37: 99 | N37: 99 | O37: 99 | P37: 99 | Q37: 99 | R37: 99

Sheet PART METHOD
A1: Parts made by another method (read by CAPA_Recalc)
A4: FMCNC1 machines = sheet 1-3 rows with Kind (column B): | D4: FMCNC1 | E4: 7
A5: HAND machines = sheet 1-3 rows with Kind (column B): | D5: HAND
A6: FMCNC2 machines = sheet 1-3 rows with Kind (column B): | D6: FMCNC2 | E6: 7.5
A7: Child P/N | B7: Shop (FM / BD) | C7: Method | D7: Time
A8: CH-001 | B8: FM | C8: FMCNC1
A9: CH-002 | B9: FM | C9: FMCNC2 | D9: 5
A10: CH-003 | B10: BD | C10: HAND | D10: 12
A11: CH-004 | B11: BD | C11: HAND
A12: CH-005 | B12: FM | C12: CNC2
A13: CH-006 | B13: BD | C13: MANUAL | D13: 9
A14: CH-007 | B14: FM | C14: fmcnc 1
A15: CH-099 | B15: FM | C15: FMCNC1
A16: CH-008 | B16: FM | C16: XYZ
A17: CH-002 | B17: BD | C17: HAND

Sheet 1-2.ITEM
A1: ST table
CI3: 1 | CJ3: 1 | CK3: 1 | CL3: 1 | CM3: 0.9 | CN3: 1 | CO3: 1.25 | CP3: 1 | CQ3: 1.1 | CR3: 1 | CS3: 1 | CT3: 1.25 | CU3: 0.9 | CV3: 1 | CW3: 1 | CX3: 1 | CY3: 1 | CZ3: 1 | DA3: 1 | DB3: 1 | DC3: 1 | DD3: 1 | DE3: 1 | DF3: 1 | DG3: 1 | DH3: 1 | DI3: 1 | DJ3: 1.25 | DK3: 1 | DL3: 1.1 | DM3: 1 | DN3: 1 | DO3: 1.1 | DP3: 1 | DQ3: 1 | DR3: 1 | DS3: 1 | DT3: 1.25 | DU3: 1 | DV3: 1 | DW3: 1 | DX3: 1 | DY3: 1 | DZ3: 1 | EA3: 1 | EB3: 1 | EC3: 1 | ED3: 1.25 | EE3: 1 | EF3: 1.1 | EG3: 1 | EH3: 1.25 | EI3: 1 | EJ3: 1 | EK3: 1.25 | EL3: 1 | EM3: 1 | EN3: 1 | EO3: 1 | EP3: 1 | EQ3: 1 | ER3: 1.25 | ES3: 1 | ET3: 1 | EU3: 1.25 | EW3: 1 | EX3: 1 | EY3: 1 | EZ3: 1 | FA3: 1.25 | FB3: 1 | FC3: 1 | FD3: 1 | FE3: 0.9 | FF3: 1 | FG3: 1 | FH3: 1 | FI3: 1 | FJ3: 1.25 | FK3: 1 | FL3: 1 | FM3: 1 | FN3: 1 | FO3: 0.9 | FP3: 0.9 | FQ3: 1 | FR3: 1 | FS3: 1.25 | FT3: 1 | FU3: 0.9 | FV3: 1 | FW3: 1 | FX3: 0.9 | FY3: 1.25 | FZ3: 1.1 | GA3: 1.1 | GB3: 1 | GC3: 1 | GD3: 1 | GE3: 1 | GF3: 1 | GG3: 1 | GH3: 1 | GI3: 1 | GJ3: 1 | GK3: 1 | GL3: 1 | GM3: 1 | GN3: 1.25 | GO3: 0.9 | GP3: 1.1 | GQ3: 1 | GR3: 1 | GS3: 1.25 | GT3: 1 | GU3: 1 | GV3: 1 | GW3: 1.25 | GX3: 1.1 | GY3: 1 | GZ3: 1 | HA3: 1.1 | HB3: 1.25 | HC3: 1 | HD3: 1 | HE3: 1 | HF3: 1.25 | HG3: 1 | HH3: 1 | HI3: 1 | HK3: 1.1 | HL3: 1 | HM3: 1.1 | HN3: 1 | HO3: 1 | HP3: 1 | HQ3: 1 | HR3: 1.1 | HS3: 1 | HT3: 0.9 | HU3: 1.1 | HV3: 1 | HW3: 1.25 | HX3: 1.1 | HY3: 1 | HZ3: 1 | IA3: 1.25 | IB3: 1.1 | IC3: 1 | ID3: 1.25 | IE3: 1 | IF3: 1 | IG3: 1.25 | IH3: 1.1 | II3: 1 | IJ3: 1 | IK3: 1 | IL3: 1 | IM3: 1 | IN3: 1.25 | IO3: 1 | IP3: 1 | IQ3: 1 | IR3: 1.25 | IS3: 0.9 | IT3: 0.9 | IU3: 1.1 | IV3: 1 | IW3: 1 | IX3: 1 | IY3: 1 | IZ3: 1 | JA3: 1 | JB3: 1.25 | JC3: 1 | JD3: 1.1 | JE3: 1 | JF3: 1 | JG3: 1 | JH3: 0.9 | JI3: 1 | JJ3: 1.25 | JK3: 1 | JL3: 1 | JM3: 1.1 | JN3: 1 | JO3: 1 | JP3: 1.25 | JQ3: 1 | JR3: 1 | JS3: 1 | JT3: 1 | JU3: 1.1 | JV3: 1 | JW3: 1 | JY3: 1 | JZ3: 1 | KA3: 1.25 | KB3: 1.25 | KC3: 1 | KD3: 1 | KE3: 1.25 | KF3: 1 | KG3: 0.9 | KH3: 1.1 | KI3: 0.9 | KJ3: 1 | KK3: 1 | KL3: 1 | KM3: 1 | KN3: 1.1 | KO3: 1.25 | KP3: 1.1 | KQ3: 1 | KR3: 1.25 | KS3: 1 | KT3: 1 | KU3: 1 | KV3: 1 | KW3: 1 | KX3: 1.25 | KY3: 1 | KZ3: 1 | LA3: 1.1 | LB3: 1 | LC3: 1 | LD3: 1 | LE3: 1.1 | LF3: 1 | LG3: 1 | LH3: 1 | LI3: 1 | LJ3: 1 | LK3: 1 | LL3: 1 | LM3: 1 | LN3: 1 | LO3: 1 | LP3: 1 | LQ3: 1.1 | LR3: 1 | LS3: 1 | LT3: 1 | LU3: 1 | LV3: 1 | LW3: 1 | LX3: 1 | LY3: 1 | LZ3: 0.9 | MA3: 1.25 | MB3: 1 | MC3: 0.9 | MD3: 1 | ME3: 1 | MF3: 1 | MG3: 1 | MH3: 1 | MI3: 0.9 | MJ3: 1.25 | MK3: 0.9 | MM3: 0.9 | MN3: 1 | MO3: 1.1 | MP3: 1 | MQ3: 1 | MR3: 1 | MS3: 1 | MT3: 1 | MU3: 1.1 | MV3: 1.1 | MW3: 1 | MX3: 1 | MY3: 1.1 | MZ3: 0.9 | NA3: 1.1 | NB3: 1 | NC3: 1.25 | ND3: 1 | NE3: 1 | NF3: 1 | NG3: 1 | NH3: 1 | NI3: 1 | NJ3: 1 | NK3: 0.9 | NL3: 0.9 | NM3: 1 | NN3: 1 | NO3: 0.9 | NP3: 0.9 | NQ3: 1 | NR3: 1 | NS3: 1 | NT3: 0.9 | NU3: 1 | NV3: 1.25 | NW3: 1.25 | NX3: 0.9 | NY3: 1 | NZ3: 1 | OA3: 1 | OB3: 1.1 | OC3: 1 | OD3: 0.9 | OE3: 1 | OF3: 1 | OG3: 1.25 | OH3: 1 | OI3: 1.1 | OJ3: 1 | OK3: 1 | OL3: 1 | OM3: 0.9 | ON3: 1 | OO3: 0.9 | OP3: 1 | OQ3: 1 | OR3: 1 | OS3: 1 | OT3: 1 | OU3: 1 | OV3: 1 | OW3: 0.9 | OX3: 0.9 | OY3: 1 | PA3: 0.9 | PB3: 1 | PC3: 1 | PD3: 1 | PE3: 1.1 | PF3: 1 | PG3: 1.1 | PH3: 1 | PI3: 1 | PJ3: 1 | PK3: 1 | PL3: 1 | PM3: 1 | PN3: 0.9 | PO3: 1 | PP3: 1 | PQ3: 1 | PR3: 1 | PS3: 1 | PT3: 1.1 | PU3: 1 | PV3: 1.25 | PW3: 1 | PX3: 1 | PY3: 1.25 | PZ3: 1 | QA3: 1 | QB3: 1 | QC3: 1.25 | QD3: 1 | QE3: 1 | QF3: 0.9 | QG3: 1 | QH3: 1 | QI3: 1.1 | QJ3: 0.9 | QK3: 1 | QL3: 1.1 | QM3: 1.1 | QN3: 1 | QO3: 1.1 | QP3: 1 | QQ3: 1 | QR3: 1.1 | QS3: 1.1 | QT3: 0.9 | QU3: 1 | QV3: 1 | QW3: 1 | QX3: 1.25 | QY3: 1 | QZ3: 1 | RA3: 1 | RB3: 0.9 | RC3: 1 | RD3: 1 | RE3: 1 | RF3: 1 | RG3: 0.9 | RH3: 1 | RI3: 1 | RJ3: 1 | RK3: 1.25 | RL3: 1 | RM3: 1.1 | RO3: 1 | RP3: 1 | RQ3: 1 | RR3: 0.9 | RS3: 1 | RT3: 1 | RU3: 1 | RV3: 1 | RW3: 0.9 | RX3: 0.9 | RY3: 1 | RZ3: 1 | SA3: 1 | SB3: 1 | SC3: 1.1 | SD3: 1 | SE3: 1.25 | SF3: 1 | SG3: 1 | SH3: 1 | SI3: 1 | SJ3: 1 | SK3: 1 | SL3: 1 | SM3: 1 | SN3: 1 | SO3: 1 | SP3: 1 | SQ3: 1 | SR3: 1 | SS3: 1.25 | ST3: 1 | SU3: 1 | SV3: 1 | SW3: 1 | SX3: 0.9 | SY3: 1 | SZ3: 1.1 | TA3: 1 | TB3: 1 | TC3: 1 | TD3: 1 | TE3: 1 | TF3: 1 | TG3: 1.25 | TH3: 1.1 | TI3: 1 | TJ3: 1 | TK3: 1.25 | TL3: 1 | TM3: 1 | TN3: 1 | TO3: 1 | TP3: 1 | TQ3: 1 | TR3: 1.25 | TS3: 1 | TT3: 0.9 | TU3: 1 | TV3: 1 | TW3: 1 | TX3: 1 | TY3: 1 | TZ3: 1 | UA3: 1 | UC3: 1 | UD3: 1 | UE3: 1.1 | UF3: 1 | UG3: 1 | UH3: 1 | UI3: 1 | UJ3: 1.1 | UK3: 1 | UL3: 1.1 | UM3: 1 | UN3: 1 | UO3: 1 | UP3: 1 | UQ3: 1.25 | UR3: 0.9 | US3: 1 | UT3: 1 | UU3: 1 | UV3: 1 | UW3: 1.1 | UX3: 0.9 | UY3: 1 | UZ3: 0.9 | VA3: 1 | VB3: 1 | VC3: 0.9 | VD3: 1 | VE3: 1 | VF3: 1 | VG3: 0.9 | VH3: 1 | VI3: 1 | VJ3: 1 | VK3: 1 | VL3: 1 | VM3: 1 | VN3: 1 | VO3: 0.9 | VP3: 1 | VQ3: 1 | VR3: 1 | VS3: 1.25 | VT3: 0.9 | VU3: 1 | VV3: 1 | VW3: 1 | VX3: 1 | VY3: 1 | VZ3: 1 | WA3: 1 | WB3: 1 | WC3: 1 | WD3: 1 | WE3: 1.25 | WF3: 1 | WG3: 1 | WH3: 1.25 | WI3: 0.9 | WJ3: 1 | WK3: 1.1 | WL3: 1 | WM3: 1 | WN3: 1 | WO3: 1 | WQ3: 1 | WR3: 0.9 | WS3: 1 | WT3: 1 | WU3: 1 | WV3: 1 | WW3: 1 | WX3: 1 | WY3: 1 | WZ3: 1 | XA3: 1 | XB3: 1 | XC3: 1 | XD3: 1 | XE3: 1 | XF3: 1 | XG3: 1 | XH3: 1 | XI3: 1.25 | XJ3: 1 | XK3: 1.1 | XL3: 1 | XM3: 1 | XN3: 1 | XO3: 1 | XP3: 1 | XQ3: 1 | XR3: 1 | XS3: 1.25 | XT3: 0.9 | XU3: 1 | XV3: 0.9 | XW3: 1 | XX3: 0.9 | XY3: 1 | XZ3: 1 | YA3: 1.25 | YB3: 1 | YC3: 1.25 | YD3: 1 | YE3: 1 | YF3: 0.9 | YG3: 1 | YH3: 1 | YI3: 1 | YJ3: 0.9 | YK3: 1 | YL3: 1 | YM3: 0.9 | YN3: 1 | YO3: 1 | YP3: 0.9 | YQ3: 1 | YR3: 1 | YS3: 1.1 | YT3: 0.9 | YU3: 1 | YV3: 1 | YW3: 1 | YX3: 0.9 | YY3: 1.25 | YZ3: 1.1 | ZA3: 1.25 | ZB3: 1 | ZC3: 1 | ZE3: 1 | ZF3: 1 | ZG3: 1 | ZH3: 1 | ZI3: 0.9 | ZJ3: 1 | ZK3: 1 | ZL3: 1.1 | ZM3: 1 | ZN3: 1 | ZO3: 1 | ZP3: 1 | ZQ3: 1.25 | ZR3: 1 | ZS3: 1 | ZT3: 0.9 | ZU3: 1 | ZV3: 1 | ZW3: 1 | ZX3: 0.9 | ZY3: 1 | ZZ3: 0.9 | AAA3: 1 | AAB3: 1.1 | AAC3: 1.25 | AAD3: 0.9 | AAE3: 0.9 | AAF3: 1.25 | AAG3: 1 | AAH3: 1 | AAI3: 1.1 | AAJ3: 1.25 | AAK3: 1 | AAL3: 1 | AAM3: 1 | AAN3: 1 | AAO3: 1 | AAP3: 1 | AAQ3: 1 | AAR3: 1 | AAS3: 1 | AAT3: 1.25 | AAU3: 1 | AAV3: 1 | AAW3: 1 | AAX3: 1 | AAY3: 1 | AAZ3: 1.25 | ABA3: 1 | ABB3: 1.1 | ABC3: 1 | ABD3: 1 | ABE3: 1 | ABF3: 1.25 | ABG3: 0.9 | ABH3: 1 | ABI3: 1 | ABJ3: 0.9 | ABK3: 1 | ABL3: 1.1 | ABM3: 1 | ABN3: 1 | ABO3: 1.25 | ABP3: 1 | ABQ3: 1 | ABS3: 1.25 | ABT3: 1 | ABU3: 0.9 | ABV3: 1 | ABW3: 1.1 | ABX3: 1 | ABY3: 1 | ABZ3: 1 | ACA3: 1 | ACB3: 1 | ACC3: 1.1 | ACD3: 1 | ACE3: 1 | ACF3: 1.25 | ACG3: 1 | ACH3: 1 | ACI3: 0.9 | ACJ3: 1.1 | ACK3: 1.1 | ACL3: 1.25 | ACM3: 1 | ACN3: 1.25 | ACO3: 1 | ACP3: 1 | ACQ3: 1 | ACR3: 1 | ACS3: 1 | ACT3: 1 | ACU3: 1 | ACV3: 1 | ACW3: 0.9 | ACX3: 1.1 | ACY3: 0.9 | ACZ3: 1 | ADA3: 1 | ADB3: 1 | ADC3: 1 | ADD3: 1 | ADE3: 1.25 | ADF3: 1.1 | ADG3: 1 | ADH3: 1 | ADI3: 1 | ADJ3: 1 | ADK3: 1 | ADL3: 1 | ADM3: 1 | ADN3: 1.1 | ADO3: 1 | ADP3: 1 | ADQ3: 1.1 | ADR3: 1 | ADS3: 1 | ADT3: 1 | ADU3: 1 | ADV3: 0.9 | ADW3: 1 | ADX3: 1 | ADY3: 1.1 | ADZ3: 1 | AEA3: 1 | AEB3: 1 | AEC3: 1 | AED3: 1.25 | AEE3: 1 | AEG3: 1 | AEH3: 1 | AEI3: 1.1 | AEJ3: 0.9 | AEK3: 1 | AEL3: 1 | AEM3: 1.25 | AEN3: 1 | AEO3: 1 | AEP3: 1.1 | AEQ3: 1.1 | AER3: 1.25 | AES3: 1 | AET3: 1 | AEU3: 1 | AEV3: 0.9 | AEW3: 0.9 | AEX3: 1.25 | AEY3: 1 | AEZ3: 0.9 | AFA3: 1 | AFB3: 1.1 | AFC3: 1 | AFD3: 1.25 | AFE3: 1 | AFF3: 1 | AFG3: 1 | AFH3: 1 | AFI3: 1.1 | AFJ3: 1 | AFK3: 1 | AFL3: 1 | AFM3: 1 | AFN3: 0.9 | AFO3: 1 | AFP3: 1 | AFQ3: 1 | AFR3: 0.9 | AFS3: 1 | AFT3: 1 | AFU3: 1 | AFV3: 1 | AFW3: 1.1 | AFX3: 1.25 | AFY3: 1 | AFZ3: 0.9 | AGA3: 1 | AGB3: 1 | AGC3: 1 | AGD3: 1 | AGE3: 1 | AGF3: 0.9 | AGG3: 0.9 | AGH3: 1 | AGI3: 1 | AGJ3: 1.25 | AGK3: 1 | AGL3: 1.1 | AGM3: 1.1 | AGN3: 1 | AGO3: 1 | AGP3: 1 | AGQ3: 1 | AGR3: 0.9 | AGS3: 1.1
U4: Group 1 | V4: Group 1 | W4: Group 1 | X4: Group 1 | Y4: Group 1 | Z4: Group 1 | AA4: Group 1 | AB4: Forming | AC4: Forming | AD4: Forming | AE4: Forming | AF4: Forming | AG4: Forming | AH4: Forming | AI4: Forming | AJ4: Group 2 | AK4: Group 2 | AL4: Group 2 | AM4: Group 2 | AN4: Group 2 | AO4: Group 3 | AP4: Group 3 | AQ4: Group 3 | AR4: Group 3 | AS4: Group 3 | AT4: Group 3 | AU4: Group 3 | AV4: Group 3 | AW4: Group 3 | AX4: Group 3 | AY4: Group 4 | AZ4: Group 4 | BA4: Group 4 | BB4: Group 4 | BC4: Group 4 | BD4: Group 4 | BE4: Group 4 | BF4: Group 4 | BG4: Group 4 | BH4: Group 4 | BI4: Group 5 | BJ4: Group 5 | BK4: Group 5 | BL4: Group 5 | BM4: Group 5 | BN4: Group 5 | BO4: Group 5 | BP4: Group 5 | BQ4: Group 5 | BR4: Group 5 | BS4: Group 6 | BT4: Group 6 | BU4: Group 6 | BV4: Group 6 | BW4: Group 6 | BX4: Group 6 | BY4: Group 6 | BZ4: Group 6 | CA4: Group 6 | CB4: Group 6 | CC4: Group 7 | CD4: Group 7 | CE4: Group 7 | CF4: Group 7 | CG4: Group 7 | CH4: Plan | EV4: Plan | HJ4: Plan | JX4: Plan | ML4: Plan | OZ4: Plan | RN4: Plan | UB4: Plan | WP4: Plan | ZD4: Plan | ABR4: Plan | AEF4: Plan
F5: ASSY P/N | R5: FM | S5: BD | U5: Process 01 | V5: Process 02 | W5: Process 03 | X5: Process 04 | Y5: Process 05 | Z5: Process 06 | AA5: Process 07 | AB5: Reduce | AC5: Expand | AD5: Dimple | AE5: Stopper | AF5: Drill | AG5: Spin | AH5: Pinch Off | AI5: Press Joint | AJ5: Bending Pipe | AK5: Process 17 | AL5: Process 18 | AM5: Process 19 | AN5: Process 20 | AO5: Process 21 | AP5: Process 22 | AQ5: Process 23 | AR5: Process 24 | AS5: Process 25 | AT5: Process 26 | AU5: Process 27 | AV5: Process 28 | AW5: Process 29 | AX5: Process 30 | AY5: Process 31 | AZ5: Process 32 | BA5: Process 33 | BB5: Process 34 | BC5: Process 35 | BD5: Process 36 | BE5: Process 37 | BF5: Process 38 | BG5: Process 39 | BH5: Process 40 | BI5: Process 41 | BJ5: Process 42 | BK5: Process 43 | BL5: Process 44 | BM5: Process 45 | BN5: Process 46 | BO5: Process 47 | BP5: Process 48 | BQ5: Process 49 | BR5: Process 50 | BS5: Process 51 | BT5: Process 52 | BU5: Process 53 | BV5: Process 54 | BW5: Process 55 | BX5: Process 56 | BY5: Process 57 | BZ5: Process 58 | CA5: Process 59 | CB5: Process 60 | CC5: Process 61 | CD5: Process 62 | CE5: Process 63 | CF5: Process 64 | CG5: Process 65 | CH5: JAN | CI5: Process 01 | CJ5: Process 02 | CK5: Process 03 | CL5: Process 04 | CM5: Process 05 | CN5: Process 06 | CO5: Process 07 | CP5: Reduce | CQ5: Expand | CR5: Dimple | CS5: Stopper | CT5: Drill | CU5: Spin | CV5: Pinch Off | CW5: Press Joint | CX5: Bending Pipe | CY5: Process 17 | CZ5: Process 18 | DA5: Process 19 | DB5: Process 20 | DC5: Process 21 | DD5: Process 22 | DE5: Process 23 | DF5: Process 24 | DG5: Process 25 | DH5: Process 26 | DI5: Process 27 | DJ5: Process 28 | DK5: Process 29 | DL5: Process 30 | DM5: Process 31 | DN5: Process 32 | DO5: Process 33 | DP5: Process 34 | DQ5: Process 35 | DR5: Process 36 | DS5: Process 37 | DT5: Process 38 | DU5: Process 39 | DV5: Process 40 | DW5: Process 41 | DX5: Process 42 | DY5: Process 43 | DZ5: Process 44 | EA5: Process 45 | EB5: Process 46 | EC5: Process 47 | ED5: Process 48 | EE5: Process 49 | EF5: Process 50 | EG5: Process 51 | EH5: Process 52 | EI5: Process 53 | EJ5: Process 54 | EK5: Process 55 | EL5: Process 56 | EM5: Process 57 | EN5: Process 58 | EO5: Process 59 | EP5: Process 60 | EQ5: Process 61 | ER5: Process 62 | ES5: Process 63 | ET5: Process 64 | EU5: Process 65 | EV5: FEB | EW5: Process 01 | EX5: Process 02 | EY5: Process 03 | EZ5: Process 04 | FA5: Process 05 | FB5: Process 06 | FC5: Process 07 | FD5: Reduce | FE5: Expand | FF5: Dimple | FG5: Stopper | FH5: Drill | FI5: Spin | FJ5: Pinch Off | FK5: Press Joint | FL5: Bending Pipe | FM5: Process 17 | FN5: Process 18 | FO5: Process 19 | FP5: Process 20 | FQ5: Process 21 | FR5: Process 22 | FS5: Process 23 | FT5: Process 24 | FU5: Process 25 | FV5: Process 26 | FW5: Process 27 | FX5: Process 28 | FY5: Process 29 | FZ5: Process 30 | GA5: Process 31 | GB5: Process 32 | GC5: Process 33 | GD5: Process 34 | GE5: Process 35 | GF5: Process 36 | GG5: Process 37 | GH5: Process 38 | GI5: Process 39 | GJ5: Process 40 | GK5: Process 41 | GL5: Process 42 | GM5: Process 43 | GN5: Process 44 | GO5: Process 45 | GP5: Process 46 | GQ5: Process 47 | GR5: Process 48 | GS5: Process 49 | GT5: Process 50 | GU5: Process 51 | GV5: Process 52 | GW5: Process 53 | GX5: Process 54 | GY5: Process 55 | GZ5: Process 56 | HA5: Process 57 | HB5: Process 58 | HC5: Process 59 | HD5: Process 60 | HE5: Process 61 | HF5: Process 62 | HG5: Process 63 | HH5: Process 64 | HI5: Process 65 | HJ5: MAR | HK5: Process 01 | HL5: Process 02 | HM5: Process 03 | HN5: Process 04 | HO5: Process 05 | HP5: Process 06 | HQ5: Process 07 | HR5: Reduce | HS5: Expand | HT5: Dimple | HU5: Stopper | HV5: Drill | HW5: Spin | HX5: Pinch Off | HY5: Press Joint | HZ5: Bending Pipe | IA5: Process 17 | IB5: Process 18 | IC5: Process 19 | ID5: Process 20 | IE5: Process 21 | IF5: Process 22 | IG5: Process 23 | IH5: Process 24 | II5: Process 25 | IJ5: Process 26 | IK5: Process 27 | IL5: Process 28 | IM5: Process 29 | IN5: Process 30 | IO5: Process 31 | IP5: Process 32 | IQ5: Process 33 | IR5: Process 34 | IS5: Process 35 | IT5: Process 36 | IU5: Process 37 | IV5: Process 38 | IW5: Process 39 | IX5: Process 40 | IY5: Process 41 | IZ5: Process 42 | JA5: Process 43 | JB5: Process 44 | JC5: Process 45 | JD5: Process 46 | JE5: Process 47 | JF5: Process 48 | JG5: Process 49 | JH5: Process 50 | JI5: Process 51 | JJ5: Process 52 | JK5: Process 53 | JL5: Process 54 | JM5: Process 55 | JN5: Process 56 | JO5: Process 57 | JP5: Process 58 | JQ5: Process 59 | JR5: Process 60 | JS5: Process 61 | JT5: Process 62 | JU5: Process 63 | JV5: Process 64 | JW5: Process 65 | JX5: APR | JY5: Process 01 | JZ5: Process 02 | KA5: Process 03 | KB5: Process 04 | KC5: Process 05 | KD5: Process 06 | KE5: Process 07 | KF5: Reduce | KG5: Expand | KH5: Dimple | KI5: Stopper | KJ5: Drill | KK5: Spin | KL5: Pinch Off | KM5: Press Joint | KN5: Bending Pipe | KO5: Process 17 | KP5: Process 18 | KQ5: Process 19 | KR5: Process 20 | KS5: Process 21 | KT5: Process 22 | KU5: Process 23 | KV5: Process 24 | KW5: Process 25 | KX5: Process 26 | KY5: Process 27 | KZ5: Process 28 | LA5: Process 29 | LB5: Process 30 | LC5: Process 31 | LD5: Process 32 | LE5: Process 33 | LF5: Process 34 | LG5: Process 35 | LH5: Process 36 | LI5: Process 37 | LJ5: Process 38 | LK5: Process 39 | LL5: Process 40 | LM5: Process 41 | LN5: Process 42 | LO5: Process 43 | LP5: Process 44 | LQ5: Process 45 | LR5: Process 46 | LS5: Process 47 | LT5: Process 48 | LU5: Process 49 | LV5: Process 50 | LW5: Process 51 | LX5: Process 52 | LY5: Process 53 | LZ5: Process 54 | MA5: Process 55 | MB5: Process 56 | MC5: Process 57 | MD5: Process 58 | ME5: Process 59 | MF5: Process 60 | MG5: Process 61 | MH5: Process 62 | MI5: Process 63 | MJ5: Process 64 | MK5: Process 65 | ML5: MAY | MM5: Process 01 | MN5: Process 02 | MO5: Process 03 | MP5: Process 04 | MQ5: Process 05 | MR5: Process 06 | MS5: Process 07 | MT5: Reduce | MU5: Expand | MV5: Dimple | MW5: Stopper | MX5: Drill | MY5: Spin | MZ5: Pinch Off | NA5: Press Joint | NB5: Bending Pipe | NC5: Process 17 | ND5: Process 18 | NE5: Process 19 | NF5: Process 20 | NG5: Process 21 | NH5: Process 22 | NI5: Process 23 | NJ5: Process 24 | NK5: Process 25 | NL5: Process 26 | NM5: Process 27 | NN5: Process 28 | NO5: Process 29 | NP5: Process 30 | NQ5: Process 31 | NR5: Process 32 | NS5: Process 33 | NT5: Process 34 | NU5: Process 35 | NV5: Process 36 | NW5: Process 37 | NX5: Process 38 | NY5: Process 39 | NZ5: Process 40 | OA5: Process 41 | OB5: Process 42 | OC5: Process 43 | OD5: Process 44 | OE5: Process 45 | OF5: Process 46 | OG5: Process 47 | OH5: Process 48 | OI5: Process 49 | OJ5: Process 50 | OK5: Process 51 | OL5: Process 52 | OM5: Process 53 | ON5: Process 54 | OO5: Process 55 | OP5: Process 56 | OQ5: Process 57 | OR5: Process 58 | OS5: Process 59 | OT5: Process 60 | OU5: Process 61 | OV5: Process 62 | OW5: Process 63 | OX5: Process 64 | OY5: Process 65 | OZ5: JUN | PA5: Process 01 | PB5: Process 02 | PC5: Process 03 | PD5: Process 04 | PE5: Process 05 | PF5: Process 06 | PG5: Process 07 | PH5: Reduce | PI5: Expand | PJ5: Dimple | PK5: Stopper | PL5: Drill | PM5: Spin | PN5: Pinch Off | PO5: Press Joint | PP5: Bending Pipe | PQ5: Process 17 | PR5: Process 18 | PS5: Process 19 | PT5: Process 20 | PU5: Process 21 | PV5: Process 22 | PW5: Process 23 | PX5: Process 24 | PY5: Process 25 | PZ5: Process 26 | QA5: Process 27 | QB5: Process 28 | QC5: Process 29 | QD5: Process 30 | QE5: Process 31 | QF5: Process 32 | QG5: Process 33 | QH5: Process 34 | QI5: Process 35 | QJ5: Process 36 | QK5: Process 37 | QL5: Process 38 | QM5: Process 39 | QN5: Process 40 | QO5: Process 41 | QP5: Process 42 | QQ5: Process 43 | QR5: Process 44 | QS5: Process 45 | QT5: Process 46 | QU5: Process 47 | QV5: Process 48 | QW5: Process 49 | QX5: Process 50 | QY5: Process 51 | QZ5: Process 52 | RA5: Process 53 | RB5: Process 54 | RC5: Process 55 | RD5: Process 56 | RE5: Process 57 | RF5: Process 58 | RG5: Process 59 | RH5: Process 60 | RI5: Process 61 | RJ5: Process 62 | RK5: Process 63 | RL5: Process 64 | RM5: Process 65 | RN5: JUL | RO5: Process 01 | RP5: Process 02 | RQ5: Process 03 | RR5: Process 04 | RS5: Process 05 | RT5: Process 06 | RU5: Process 07 | RV5: Reduce | RW5: Expand | RX5: Dimple | RY5: Stopper | RZ5: Drill | SA5: Spin | SB5: Pinch Off | SC5: Press Joint | SD5: Bending Pipe | SE5: Process 17 | SF5: Process 18 | SG5: Process 19 | SH5: Process 20 | SI5: Process 21 | SJ5: Process 22 | SK5: Process 23 | SL5: Process 24 | SM5: Process 25 | SN5: Process 26 | SO5: Process 27 | SP5: Process 28 | SQ5: Process 29 | SR5: Process 30 | SS5: Process 31 | ST5: Process 32 | SU5: Process 33 | SV5: Process 34 | SW5: Process 35 | SX5: Process 36 | SY5: Process 37 | SZ5: Process 38 | TA5: Process 39 | TB5: Process 40 | TC5: Process 41 | TD5: Process 42 | TE5: Process 43 | TF5: Process 44 | TG5: Process 45 | TH5: Process 46 | TI5: Process 47 | TJ5: Process 48 | TK5: Process 49 | TL5: Process 50 | TM5: Process 51 | TN5: Process 52 | TO5: Process 53 | TP5: Process 54 | TQ5: Process 55 | TR5: Process 56 | TS5: Process 57 | TT5: Process 58 | TU5: Process 59 | TV5: Process 60 | TW5: Process 61 | TX5: Process 62 | TY5: Process 63 | TZ5: Process 64 | UA5: Process 65 | UB5: AUG | UC5: Process 01 | UD5: Process 02 | UE5: Process 03 | UF5: Process 04 | UG5: Process 05 | UH5: Process 06 | UI5: Process 07 | UJ5: Reduce | UK5: Expand | UL5: Dimple | UM5: Stopper | UN5: Drill | UO5: Spin | UP5: Pinch Off | UQ5: Press Joint | UR5: Bending Pipe | US5: Process 17 | UT5: Process 18 | UU5: Process 19 | UV5: Process 20 | UW5: Process 21 | UX5: Process 22 | UY5: Process 23 | UZ5: Process 24 | VA5: Process 25 | VB5: Process 26 | VC5: Process 27 | VD5: Process 28 | VE5: Process 29 | VF5: Process 30 | VG5: Process 31 | VH5: Process 32 | VI5: Process 33 | VJ5: Process 34 | VK5: Process 35 | VL5: Process 36 | VM5: Process 37 | VN5: Process 38 | VO5: Process 39 | VP5: Process 40 | VQ5: Process 41 | VR5: Process 42 | VS5: Process 43 | VT5: Process 44 | VU5: Process 45 | VV5: Process 46 | VW5: Process 47 | VX5: Process 48 | VY5: Process 49 | VZ5: Process 50 | WA5: Process 51 | WB5: Process 52 | WC5: Process 53 | WD5: Process 54 | WE5: Process 55 | WF5: Process 56 | WG5: Process 57 | WH5: Process 58 | WI5: Process 59 | WJ5: Process 60 | WK5: Process 61 | WL5: Process 62 | WM5: Process 63 | WN5: Process 64 | WO5: Process 65 | WP5: SEP | WQ5: Process 01 | WR5: Process 02 | WS5: Process 03 | WT5: Process 04 | WU5: Process 05 | WV5: Process 06 | WW5: Process 07 | WX5: Reduce | WY5: Expand | WZ5: Dimple | XA5: Stopper | XB5: Drill | XC5: Spin | XD5: Pinch Off | XE5: Press Joint | XF5: Bending Pipe | XG5: Process 17 | XH5: Process 18 | XI5: Process 19 | XJ5: Process 20 | XK5: Process 21 | XL5: Process 22 | XM5: Process 23 | XN5: Process 24 | XO5: Process 25 | XP5: Process 26 | XQ5: Process 27 | XR5: Process 28 | XS5: Process 29 | XT5: Process 30 | XU5: Process 31 | XV5: Process 32 | XW5: Process 33 | XX5: Process 34 | XY5: Process 35 | XZ5: Process 36 | YA5: Process 37 | YB5: Process 38 | YC5: Process 39 | YD5: Process 40 | YE5: Process 41 | YF5: Process 42 | YG5: Process 43 | YH5: Process 44 | YI5: Process 45 | YJ5: Process 46 | YK5: Process 47 | YL5: Process 48 | YM5: Process 49 | YN5: Process 50 | YO5: Process 51 | YP5: Process 52 | YQ5: Process 53 | YR5: Process 54 | YS5: Process 55 | YT5: Process 56 | YU5: Process 57 | YV5: Process 58 | YW5: Process 59 | YX5: Process 60 | YY5: Process 61 | YZ5: Process 62 | ZA5: Process 63 | ZB5: Process 64 | ZC5: Process 65 | ZD5: OCT | ZE5: Process 01 | ZF5: Process 02 | ZG5: Process 03 | ZH5: Process 04 | ZI5: Process 05 | ZJ5: Process 06 | ZK5: Process 07 | ZL5: Reduce | ZM5: Expand | ZN5: Dimple | ZO5: Stopper | ZP5: Drill | ZQ5: Spin | ZR5: Pinch Off | ZS5: Press Joint | ZT5: Bending Pipe | ZU5: Process 17 | ZV5: Process 18 | ZW5: Process 19 | ZX5: Process 20 | ZY5: Process 21 | ZZ5: Process 22 | AAA5: Process 23 | AAB5: Process 24 | AAC5: Process 25 | AAD5: Process 26 | AAE5: Process 27 | AAF5: Process 28 | AAG5: Process 29 | AAH5: Process 30 | AAI5: Process 31 | AAJ5: Process 32 | AAK5: Process 33 | AAL5: Process 34 | AAM5: Process 35 | AAN5: Process 36 | AAO5: Process 37 | AAP5: Process 38 | AAQ5: Process 39 | AAR5: Process 40 | AAS5: Process 41 | AAT5: Process 42 | AAU5: Process 43 | AAV5: Process 44 | AAW5: Process 45 | AAX5: Process 46 | AAY5: Process 47 | AAZ5: Process 48 | ABA5: Process 49 | ABB5: Process 50 | ABC5: Process 51 | ABD5: Process 52 | ABE5: Process 53 | ABF5: Process 54 | ABG5: Process 55 | ABH5: Process 56 | ABI5: Process 57 | ABJ5: Process 58 | ABK5: Process 59 | ABL5: Process 60 | ABM5: Process 61 | ABN5: Process 62 | ABO5: Process 63 | ABP5: Process 64 | ABQ5: Process 65 | ABR5: NOV | ABS5: Process 01 | ABT5: Process 02 | ABU5: Process 03 | ABV5: Process 04 | ABW5: Process 05 | ABX5: Process 06 | ABY5: Process 07 | ABZ5: Reduce | ACA5: Expand | ACB5: Dimple | ACC5: Stopper | ACD5: Drill | ACE5: Spin | ACF5: Pinch Off | ACG5: Press Joint | ACH5: Bending Pipe | ACI5: Process 17 | ACJ5: Process 18 | ACK5: Process 19 | ACL5: Process 20 | ACM5: Process 21 | ACN5: Process 22 | ACO5: Process 23 | ACP5: Process 24 | ACQ5: Process 25 | ACR5: Process 26 | ACS5: Process 27 | ACT5: Process 28 | ACU5: Process 29 | ACV5: Process 30 | ACW5: Process 31 | ACX5: Process 32 | ACY5: Process 33 | ACZ5: Process 34 | ADA5: Process 35 | ADB5: Process 36 | ADC5: Process 37 | ADD5: Process 38 | ADE5: Process 39 | ADF5: Process 40 | ADG5: Process 41 | ADH5: Process 42 | ADI5: Process 43 | ADJ5: Process 44 | ADK5: Process 45 | ADL5: Process 46 | ADM5: Process 47 | ADN5: Process 48 | ADO5: Process 49 | ADP5: Process 50 | ADQ5: Process 51 | ADR5: Process 52 | ADS5: Process 53 | ADT5: Process 54 | ADU5: Process 55 | ADV5: Process 56 | ADW5: Process 57 | ADX5: Process 58 | ADY5: Process 59 | ADZ5: Process 60 | AEA5: Process 61 | AEB5: Process 62 | AEC5: Process 63 | AED5: Process 64 | AEE5: Process 65 | AEF5: DEC | AEG5: Process 01 | AEH5: Process 02 | AEI5: Process 03 | AEJ5: Process 04 | AEK5: Process 05 | AEL5: Process 06 | AEM5: Process 07 | AEN5: Reduce | AEO5: Expand | AEP5: Dimple | AEQ5: Stopper | AER5: Drill | AES5: Spin | AET5: Pinch Off | AEU5: Press Joint | AEV5: Bending Pipe | AEW5: Process 17 | AEX5: Process 18 | AEY5: Process 19 | AEZ5: Process 20 | AFA5: Process 21 | AFB5: Process 22 | AFC5: Process 23 | AFD5: Process 24 | AFE5: Process 25 | AFF5: Process 26 | AFG5: Process 27 | AFH5: Process 28 | AFI5: Process 29 | AFJ5: Process 30 | AFK5: Process 31 | AFL5: Process 32 | AFM5: Process 33 | AFN5: Process 34 | AFO5: Process 35 | AFP5: Process 36 | AFQ5: Process 37 | AFR5: Process 38 | AFS5: Process 39 | AFT5: Process 40 | AFU5: Process 41 | AFV5: Process 42 | AFW5: Process 43 | AFX5: Process 44 | AFY5: Process 45 | AFZ5: Process 46 | AGA5: Process 47 | AGB5: Process 48 | AGC5: Process 49 | AGD5: Process 50 | AGE5: Process 51 | AGF5: Process 52 | AGG5: Process 53 | AGH5: Process 54 | AGI5: Process 55 | AGJ5: Process 56 | AGK5: Process 57 | AGL5: Process 58 | AGM5: Process 59 | AGN5: Process 60 | AGO5: Process 61 | AGP5: Process 62 | AGQ5: Process 63 | AGR5: Process 64 | AGS5: Process 65 | AGU5: Q'TY JAN | AGV5: Q'TY FEB | AGW5: Q'TY MAR | AGX5: Q'TY APR | AGY5: Q'TY MAY | AGZ5: Q'TY JUN | AHA5: Q'TY JUL | AHB5: Q'TY AUG | AHC5: Q'TY SEP | AHD5: Q'TY OCT | AHE5: Q'TY NOV | AHF5: Q'TY DEC
F7: ASSY-999 | H7: CH-000 | I7: part 0 | K7: 1 | L7: 6.35 | P7: 1 | R7: 0 | S7: 0 | AB7: 2.1 | AC7: 48.15 | AD7: 43.79 | AE7: 33.77 | AF7: 15.66 | AG7: 33 | AH7: 5 | AJ7: 27.69 | AQ7: 56.65 | AS7: 27.08 | AT7: 5.31 | AX7: 24 | AY7: 30 | AZ7: 26 | BB7: 14.2 | BH7: 20.94 | BM7: 8 | BQ7: 3.34 | BS7: 25.91 | BV7: 55.23 | BY7: 41.6 | CA7: 6 | CC7: 5 | CD7: 1.68 | CH7: 0 | CI7: 0 | CJ7: 0 | CK7: 0 | CL7: 0 | CM7: 0 | CN7: 0 | CO7: 0 | CP7: 0 | CQ7: 0 | CR7: 0 | CS7: 0 | CT7: 0 | CU7: 0 | CV7: 0 | CW7: 0 | CX7: 0 | CY7: 0 | CZ7: 0 | DA7: 0 | DB7: 0 | DC7: 0 | DD7: 0 | DE7: 0 | DF7: 0 | DG7: 0 | DH7: 0 | DI7: 0 | DJ7: 0 | DK7: 0 | DL7: 0 | DM7: 0 | DN7: 0 | DO7: 0 | DP7: 0 | DQ7: 0 | DR7: 0 | DS7: 0 | DT7: 0 | DU7: 0 | DV7: 0 | DW7: 0 | DX7: 0 | DY7: 0 | DZ7: 0 | EA7: 0 | EB7: 0 | EC7: 0 | ED7: 0 | EE7: 0 | EF7: 0 | EG7: 0 | EH7: 0 | EI7: 0 | EJ7: 0 | EK7: 0 | EL7: 0 | EM7: 0 | EN7: 0 | EO7: 0 | EP7: 0 | EQ7: 0 | ER7: 0 | ES7: 0 | ET7: 0 | EU7: 0 | EV7: 0 | EW7: 0 | EX7: 0 | EY7: 0 | EZ7: 0 | FA7: 0 | FB7: 0 | FC7: 0 | FD7: 0 | FE7: 0 | FF7: 0 | FG7: 0 | FH7: 0 | FI7: 0 | FJ7: 0 | FK7: 0 | FL7: 0 | FM7: 0 | FN7: 0 | FO7: 0 | FP7: 0 | FQ7: 0 | FR7: 0 | FS7: 0 | FT7: 0 | FU7: 0 | FV7: 0 | FW7: 0 | FX7: 0 | FY7: 0 | FZ7: 0 | GA7: 0 | GB7: 0 | GC7: 0 | GD7: 0 | GE7: 0 | GF7: 0 | GG7: 0 | GH7: 0 | GI7: 0 | GJ7: 0 | GK7: 0 | GL7: 0 | GM7: 0 | GN7: 0 | GO7: 0 | GP7: 0 | GQ7: 0 | GR7: 0 | GS7: 0 | GT7: 0 | GU7: 0 | GV7: 0 | GW7: 0 | GX7: 0 | GY7: 0 | GZ7: 0 | HA7: 0 | HB7: 0 | HC7: 0 | HD7: 0 | HE7: 0 | HF7: 0 | HG7: 0 | HH7: 0 | HI7: 0 | HJ7: 0 | HK7: 0 | HL7: 0 | HM7: 0 | HN7: 0 | HO7: 0 | HP7: 0 | HQ7: 0 | HR7: 0 | HS7: 0 | HT7: 0 | HU7: 0 | HV7: 0 | HW7: 0 | HX7: 0 | HY7: 0 | HZ7: 0 | IA7: 0 | IB7: 0 | IC7: 0 | ID7: 0 | IE7: 0 | IF7: 0 | IG7: 0 | IH7: 0 | II7: 0 | IJ7: 0 | IK7: 0 | IL7: 0 | IM7: 0 | IN7: 0 | IO7: 0 | IP7: 0 | IQ7: 0 | IR7: 0 | IS7: 0 | IT7: 0 | IU7: 0 | IV7: 0 | IW7: 0 | IX7: 0 | IY7: 0 | IZ7: 0 | JA7: 0 | JB7: 0 | JC7: 0 | JD7: 0 | JE7: 0 | JF7: 0 | JG7: 0 | JH7: 0 | JI7: 0 | JJ7: 0 | JK7: 0 | JL7: 0 | JM7: 0 | JN7: 0 | JO7: 0 | JP7: 0 | JQ7: 0 | JR7: 0 | JS7: 0 | JT7: 0 | JU7: 0 | JV7: 0 | JW7: 0 | JX7: 0 | JY7: 0 | JZ7: 0 | KA7: 0 | KB7: 0 | KC7: 0 | KD7: 0 | KE7: 0 | KF7: 0 | KG7: 0 | KH7: 0 | KI7: 0 | KJ7: 0 | KK7: 0 | KL7: 0 | KM7: 0 | KN7: 0 | KO7: 0 | KP7: 0 | KQ7: 0 | KR7: 0 | KS7: 0 | KT7: 0 | KU7: 0 | KV7: 0 | KW7: 0 | KX7: 0 | KY7: 0 | KZ7: 0 | LA7: 0 | LB7: 0 | LC7: 0 | LD7: 0 | LE7: 0 | LF7: 0 | LG7: 0 | LH7: 0 | LI7: 0 | LJ7: 0 | LK7: 0 | LL7: 0 | LM7: 0 | LN7: 0 | LO7: 0 | LP7: 0 | LQ7: 0 | LR7: 0 | LS7: 0 | LT7: 0 | LU7: 0 | LV7: 0 | LW7: 0 | LX7: 0 | LY7: 0 | LZ7: 0 | MA7: 0 | MB7: 0 | MC7: 0 | MD7: 0 | ME7: 0 | MF7: 0 | MG7: 0 | MH7: 0 | MI7: 0 | MJ7: 0 | MK7: 0 | ML7: 0 | MM7: 0 | MN7: 0 | MO7: 0 | MP7: 0 | MQ7: 0 | MR7: 0 | MS7: 0 | MT7: 0 | MU7: 0 | MV7: 0 | MW7: 0 | MX7: 0 | MY7: 0 | MZ7: 0 | NA7: 0 | NB7: 0 | NC7: 0 | ND7: 0 | NE7: 0 | NF7: 0 | NG7: 0 | NH7: 0 | NI7: 0 | NJ7: 0 | NK7: 0 | NL7: 0 | NM7: 0 | NN7: 0 | NO7: 0 | NP7: 0 | NQ7: 0 | NR7: 0 | NS7: 0 | NT7: 0 | NU7: 0 | NV7: 0 | NW7: 0 | NX7: 0 | NY7: 0 | NZ7: 0 | OA7: 0 | OB7: 0 | OC7: 0 | OD7: 0 | OE7: 0 | OF7: 0 | OG7: 0 | OH7: 0 | OI7: 0 | OJ7: 0 | OK7: 0 | OL7: 0 | OM7: 0 | ON7: 0 | OO7: 0 | OP7: 0 | OQ7: 0 | OR7: 0 | OS7: 0 | OT7: 0 | OU7: 0 | OV7: 0 | OW7: 0 | OX7: 0 | OY7: 0 | OZ7: 0 | PA7: 0 | PB7: 0 | PC7: 0 | PD7: 0 | PE7: 0 | PF7: 0 | PG7: 0 | PH7: 0 | PI7: 0 | PJ7: 0 | PK7: 0 | PL7: 0 | PM7: 0 | PN7: 0 | PO7: 0 | PP7: 0 | PQ7: 0 | PR7: 0 | PS7: 0 | PT7: 0 | PU7: 0 | PV7: 0 | PW7: 0 | PX7: 0 | PY7: 0 | PZ7: 0 | QA7: 0 | QB7: 0 | QC7: 0 | QD7: 0 | QE7: 0 | QF7: 0 | QG7: 0 | QH7: 0 | QI7: 0 | QJ7: 0 | QK7: 0 | QL7: 0 | QM7: 0 | QN7: 0 | QO7: 0 | QP7: 0 | QQ7: 0 | QR7: 0 | QS7: 0 | QT7: 0 | QU7: 0 | QV7: 0 | QW7: 0 | QX7: 0 | QY7: 0 | QZ7: 0 | RA7: 0 | RB7: 0 | RC7: 0 | RD7: 0 | RE7: 0 | RF7: 0 | RG7: 0 | RH7: 0 | RI7: 0 | RJ7: 0 | RK7: 0 | RL7: 0 | RM7: 0 | RN7: 0 | RO7: 0 | RP7: 0 | RQ7: 0 | RR7: 0 | RS7: 0 | RT7: 0 | RU7: 0 | RV7: 0 | RW7: 0 | RX7: 0 | RY7: 0 | RZ7: 0 | SA7: 0 | SB7: 0 | SC7: 0 | SD7: 0 | SE7: 0 | SF7: 0 | SG7: 0 | SH7: 0 | SI7: 0 | SJ7: 0 | SK7: 0 | SL7: 0 | SM7: 0 | SN7: 0 | SO7: 0 | SP7: 0 | SQ7: 0 | SR7: 0 | SS7: 0 | ST7: 0 | SU7: 0 | SV7: 0 | SW7: 0 | SX7: 0 | SY7: 0 | SZ7: 0 | TA7: 0 | TB7: 0 | TC7: 0 | TD7: 0 | TE7: 0 | TF7: 0 | TG7: 0 | TH7: 0 | TI7: 0 | TJ7: 0 | TK7: 0 | TL7: 0 | TM7: 0 | TN7: 0 | TO7: 0 | TP7: 0 | TQ7: 0 | TR7: 0 | TS7: 0 | TT7: 0 | TU7: 0 | TV7: 0 | TW7: 0 | TX7: 0 | TY7: 0 | TZ7: 0 | UA7: 0 | UB7: 0 | UC7: 0 | UD7: 0 | UE7: 0 | UF7: 0 | UG7: 0 | UH7: 0 | UI7: 0 | UJ7: 0 | UK7: 0 | UL7: 0 | UM7: 0 | UN7: 0 | UO7: 0 | UP7: 0 | UQ7: 0 | UR7: 0 | US7: 0 | UT7: 0 | UU7: 0 | UV7: 0 | UW7: 0 | UX7: 0 | UY7: 0 | UZ7: 0 | VA7: 0 | VB7: 0 | VC7: 0 | VD7: 0 | VE7: 0 | VF7: 0 | VG7: 0 | VH7: 0 | VI7: 0 | VJ7: 0 | VK7: 0 | VL7: 0 | VM7: 0 | VN7: 0 | VO7: 0 | VP7: 0 | VQ7: 0 | VR7: 0 | VS7: 0 | VT7: 0 | VU7: 0 | VV7: 0 | VW7: 0 | VX7: 0 | VY7: 0 | VZ7: 0 | WA7: 0 | WB7: 0 | WC7: 0 | WD7: 0 | WE7: 0 | WF7: 0 | WG7: 0 | WH7: 0 | WI7: 0 | WJ7: 0 | WK7: 0 | WL7: 0 | WM7: 0 | WN7: 0 | WO7: 0 | WP7: 0 | WQ7: 0 | WR7: 0 | WS7: 0 | WT7: 0 | WU7: 0 | WV7: 0 | WW7: 0 | WX7: 0 | WY7: 0 | WZ7: 0 | XA7: 0 | XB7: 0 | XC7: 0 | XD7: 0 | XE7: 0 | XF7: 0 | XG7: 0 | XH7: 0 | XI7: 0 | XJ7: 0 | XK7: 0 | XL7: 0 | XM7: 0 | XN7: 0 | XO7: 0 | XP7: 0 | XQ7: 0 | XR7: 0 | XS7: 0 | XT7: 0 | XU7: 0 | XV7: 0 | XW7: 0 | XX7: 0 | XY7: 0 | XZ7: 0 | YA7: 0 | YB7: 0 | YC7: 0 | YD7: 0 | YE7: 0 | YF7: 0 | YG7: 0 | YH7: 0 | YI7: 0 | YJ7: 0 | YK7: 0 | YL7: 0 | YM7: 0 | YN7: 0 | YO7: 0 | YP7: 0 | YQ7: 0 | YR7: 0 | YS7: 0 | YT7: 0 | YU7: 0 | YV7: 0 | YW7: 0 | YX7: 0 | YY7: 0 | YZ7: 0 | ZA7: 0 | ZB7: 0 | ZC7: 0 | ZD7: 0 | ZE7: 0 | ZF7: 0 | ZG7: 0 | ZH7: 0 | ZI7: 0 | ZJ7: 0 | ZK7: 0 | ZL7: 0 | ZM7: 0 | ZN7: 0 | ZO7: 0 | ZP7: 0 | ZQ7: 0 | ZR7: 0 | ZS7: 0 | ZT7: 0 | ZU7: 0 | ZV7: 0 | ZW7: 0 | ZX7: 0 | ZY7: 0 | ZZ7: 0 | AAA7: 0 | AAB7: 0 | AAC7: 0 | AAD7: 0 | AAE7: 0 | AAF7: 0 | AAG7: 0 | AAH7: 0 | AAI7: 0 | AAJ7: 0 | AAK7: 0 | AAL7: 0 | AAM7: 0 | AAN7: 0 | AAO7: 0 | AAP7: 0 | AAQ7: 0 | AAR7: 0 | AAS7: 0 | AAT7: 0 | AAU7: 0 | AAV7: 0 | AAW7: 0 | AAX7: 0 | AAY7: 0 | AAZ7: 0 | ABA7: 0 | ABB7: 0 | ABC7: 0 | ABD7: 0 | ABE7: 0 | ABF7: 0 | ABG7: 0 | ABH7: 0 | ABI7: 0 | ABJ7: 0 | ABK7: 0 | ABL7: 0 | ABM7: 0 | ABN7: 0 | ABO7: 0 | ABP7: 0 | ABQ7: 0 | ABR7: 0 | ABS7: 0 | ABT7: 0 | ABU7: 0 | ABV7: 0 | ABW7: 0 | ABX7: 0 | ABY7: 0 | ABZ7: 0 | ACA7: 0 | ACB7: 0 | ACC7: 0 | ACD7: 0 | ACE7: 0 | ACF7: 0 | ACG7: 0 | ACH7: 0 | ACI7: 0 | ACJ7: 0 | ACK7: 0 | ACL7: 0 | ACM7: 0 | ACN7: 0 | ACO7: 0 | ACP7: 0 | ACQ7: 0 | ACR7: 0 | ACS7: 0 | ACT7: 0 | ACU7: 0 | ACV7: 0 | ACW7: 0 | ACX7: 0 | ACY7: 0 | ACZ7: 0 | ADA7: 0 | ADB7: 0 | ADC7: 0 | ADD7: 0 | ADE7: 0 | ADF7: 0 | ADG7: 0 | ADH7: 0 | ADI7: 0 | ADJ7: 0 | ADK7: 0 | ADL7: 0 | ADM7: 0 | ADN7: 0 | ADO7: 0 | ADP7: 0 | ADQ7: 0 | ADR7: 0 | ADS7: 0 | ADT7: 0 | ADU7: 0 | ADV7: 0 | ADW7: 0 | ADX7: 0 | ADY7: 0 | ADZ7: 0 | AEA7: 0 | AEB7: 0 | AEC7: 0 | AED7: 0 | AEE7: 0 | AEF7: 0 | AEG7: 0 | AEH7: 0 | AEI7: 0 | AEJ7: 0 | AEK7: 0 | AEL7: 0 | AEM7: 0 | AEN7: 0 | AEO7: 0 | AEP7: 0 | AEQ7: 0 | AER7: 0 | AES7: 0 | AET7: 0 | AEU7: 0 | AEV7: 0 | AEW7: 0 | AEX7: 0 | AEY7: 0 | AEZ7: 0 | AFA7: 0 | AFB7: 0 | AFC7: 0 | AFD7: 0 | AFE7: 0 | AFF7: 0 | AFG7: 0 | AFH7: 0 | AFI7: 0 | AFJ7: 0 | AFK7: 0 | AFL7: 0 | AFM7: 0 | AFN7: 0 | AFO7: 0 | AFP7: 0 | AFQ7: 0 | AFR7: 0 | AFS7: 0 | AFT7: 0 | AFU7: 0 | AFV7: 0 | AFW7: 0 | AFX7: 0 | AFY7: 0 | AFZ7: 0 | AGA7: 0 | AGB7: 0 | AGC7: 0 | AGD7: 0 | AGE7: 0 | AGF7: 0 | AGG7: 0 | AGH7: 0 | AGI7: 0 | AGJ7: 0 | AGK7: 0 | AGL7: 0 | AGM7: 0 | AGN7: 0 | AGO7: 0 | AGP7: 0 | AGQ7: 0 | AGR7: 0 | AGS7: 0 | AGU7: =IF($P7>0,CH7*$K7,0) -> 0 | AGV7: =IF($P7>0,EV7*$K7,0) -> 0 | AGW7: =IF($P7>0,HJ7*$K7,0) -> 0 | AGX7: =IF($P7>0,JX7*$K7,0) -> 0 | AGY7: =IF($P7>0,ML7*$K7,0) -> 0 | AGZ7: =IF($P7>0,OZ7*$K7,0) -> 0 | AHA7: =IF($P7>0,RN7*$K7,0) -> 0 | AHB7: =IF($P7>0,UB7*$K7,0) -> 0 | AHC7: =IF($P7>0,WP7*$K7,0) -> 0 | AHD7: =IF($P7>0,ZD7*$K7,0) -> 0 | AHE7: =IF($P7>0,ABR7*$K7,0) -> 0 | AHF7: =IF($P7>0,AEF7*$K7,0) -> 0
F8: ASSY-020 | H8: CH-001 | I8: part 1 | K8: 1 | L8: 9.52 | P8: 1 | R8: FMCNC1 | S8: BD | V8: 10.53 | W8: 19.41 | X8: 19 | AA8: 17 | AB8: 30.83 | AC8: 27.38 | AE8: 33 | AF8: 14.54 | AG8: 9 | AH8: 8.66 | AI8: 17 | AJ8: 23.47 | AO8: 16.87 | AP8: 20.41 | AR8: 53.06 | AS8: 20.78 | AT8: 39.71 | AU8: 6 | AV8: 24.57 | AW8: 18.95 | AX8: 32.22 | BD8: 10 | BE8: 9.54 | BP8: 48.08 | BT8: 38.59 | BX8: 32.36 | BY8: 27.96 | BZ8: 35 | CA8: 45 | CE8: 15 | CH8: 192 | CI8: 0 | CJ8: 2021.76 | CK8: 3726.72 | CL8: 3648 | CM8: 0 | CN8: 0 | CO8: 4080 | CP8: 41435.52 | CQ8: 36798.72 | CR8: 0 | CS8: 44352 | CT8: 19541.76 | CU8: 12096 | CV8: 11639.04 | CW8: 22848 | CX8: 4506.24 | CY8: 0 | CZ8: 0 | DA8: 0 | DB8: 0 | DC8: 3239.04 | DD8: 3918.72 | DE8: 0 | DF8: 10187.52 | DG8: 3989.76 | DH8: 7624.32 | DI8: 1152 | DJ8: 5896.8 | DK8: 3638.4 | DL8: 6804.864 | DM8: 0 | DN8: 0 | DO8: 0 | DP8: 0 | DQ8: 0 | DR8: 1920 | DS8: 1831.68 | DT8: 0 | DU8: 0 | DV8: 0 | DW8: 0 | DX8: 0 | DY8: 0 | DZ8: 0 | EA8: 0 | EB8: 0 | EC8: 0 | ED8: 11539.2 | EE8: 0 | EF8: 0 | EG8: 0 | EH8: 9261.6 | EI8: 0 | EJ8: 0 | EK8: 0 | EL8: 6213.12 | EM8: 5368.32 | EN8: 6720 | EO8: 8640 | EP8: 0 | EQ8: 0 | ER8: 0 | ES8: 2880 | ET8: 0 | EU8: 0 | EV8: 76 | EW8: 0 | EX8: 800.28 | EY8: 1475.16 | EZ8: 1444 | FA8: 0 | FB8: 0 | FC8: 1292 | FD8: 16401.56 | FE8: 14566.16 | FF8: 0 | FG8: 17556 | FH8: 7735.28 | FI8: 4788 | FJ8: 4607.12 | FK8: 9044 | FL8: 1783.72 | FM8: 0 | FN8: 0 | FO8: 0 | FP8: 0 | FQ8: 1282.12 | FR8: 1551.16 | FS8: 0 | FT8: 4032.56 | FU8: 1421.352 | FV8: 3017.96 | FW8: 456 | FX8: 1680.588 | FY8: 1800.25 | FZ8: 2693.592 | GA8: 0 | GB8: 0 | GC8: 0 | GD8: 0 | GE8: 0 | GF8: 760 | GG8: 725.04 | GH8: 0 | GI8: 0 | GJ8: 0 | GK8: 0 | GL8: 0 | GM8: 0 | GN8: 0 | GO8: 0 | GP8: 0 | GQ8: 0 | GR8: 3654.08 | GS8: 0 | GT8: 0 | GU8: 0 | GV8: 2932.84 | GW8: 0 | GX8: 0 | GY8: 0 | GZ8: 2459.36 | HA8: 2337.456 | HB8: 3325 | HC8: 3420 | HD8: 0 | HE8: 0 | HF8: 0 | HG8: 1140 | HH8: 0 | HI8: 0 | HJ8: 324 | HK8: 0 | HL8: 3411.72 | HM8: 6917.724 | HN8: 6156 | HO8: 0 | HP8: 0 | HQ8: 5508 | HR8: 69922.44 | HS8: 62097.84 | HT8: 0 | HU8: 74844 | HV8: 32976.72 | HW8: 20412 | HX8: 19640.88 | HY8: 38556 | HZ8: 7604.28 | IA8: 0 | IB8: 0 | IC8: 0 | ID8: 0 | IE8: 5465.88 | IF8: 6612.84 | IG8: 0 | IH8: 18910.584 | II8: 6732.72 | IJ8: 12866.04 | IK8: 1944 | IL8: 7960.68 | IM8: 6139.8 | IN8: 13049.1 | IO8: 0 | IP8: 0 | IQ8: 0 | IR8: 0 | IS8: 0 | IT8: 2916 | IU8: 3400.056 | IV8: 0 | IW8: 0 | IX8: 0 | IY8: 0 | IZ8: 0 | JA8: 0 | JB8: 0 | JC8: 0 | JD8: 0 | JE8: 0 | JF8: 15577.92 | JG8: 0 | JH8: 0 | JI8: 0 | JJ8: 15628.95 | JK8: 0 | JL8: 0 | JM8: 0 | JN8: 10484.64 | JO8: 9059.04 | JP8: 14175 | JQ8: 14580 | JR8: 0 | JS8: 0 | JT8: 0 | JU8: 5346 | JV8: 0 | JW8: 0 | JX8: 129 | JY8: 0 | JZ8: 1358.37 | KA8: 3129.8625 | KB8: 3063.75 | KC8: 0 | KD8: 0 | KE8: 2741.25 | KF8: 27839.49 | KG8: 24724.14 | KH8: 0 | KI8: 29799 | KJ8: 13129.62 | KK8: 8127 | KL8: 7819.98 | KM8: 15351 | KN8: 3330.393 | KO8: 0 | KP8: 0 | KQ8: 0 | KR8: 0 | KS8: 2176.23 | KT8: 2632.89 | KU8: 0 | KV8: 6844.74 | KW8: 2680.62 | KX8: 6403.2375 | KY8: 774 | KZ8: 3169.53 | LA8: 2689.005 | LB8: 4156.38 | LC8: 0 | LD8: 0 | LE8: 0 | LF8: 0 | LG8: 0 | LH8: 1290 | LI8: 1230.66 | LJ8: 0 | LK8: 0 | LL8: 0 | LM8: 0 | LN8: 0 | LO8: 0 | LP8: 0 | LQ8: 0 | LR8: 0 | LS8: 0 | LT8: 6202.32 | LU8: 0 | LV8: 0 | LW8: 0 | LX8: 4978.11 | LY8: 0 | LZ8: 0 | MA8: 0 | MB8: 4174.44 | MC8: 3246.156 | MD8: 4515 | ME8: 5805 | MF8: 0 | MG8: 0 | MH8: 0 | MI8: 1741.5 | MJ8: 0 | MK8: 0 | ML8: 177 | MM8: 0 | MN8: 1863.81 | MO8: 3779.127 | MP8: 3363 | MQ8: 0 | MR8: 0 | MS8: 3009 | MT8: 38198.37 | MU8: 33923.82 | MV8: 0 | MW8: 40887 | MX8: 18015.06 | MY8: 11151 | MZ8: 10729.74 | NA8: 21063 | NB8: 4154.19 | NC8: 0 | ND8: 0 | NE8: 0 | NF8: 0 | NG8: 2985.99 | NH8: 3612.57 | NI8: 0 | NJ8: 9391.62 | NK8: 3310.254 | NL8: 6325.803 | NM8: 1062 | NN8: 4348.89 | NO8: 3018.735 | NP8: 5132.646 | NQ8: 0 | NR8: 0 | NS8: 0 | NT8: 0 | NU8: 0 | NV8: 2212.5 | NW8: 2110.725 | NX8: 0 | NY8: 0 | NZ8: 0 | OA8: 0 | OB8: 0 | OC8: 0 | OD8: 0 | OE8: 0 | OF8: 0 | OG8: 0 | OH8: 8510.16 | OI8: 0 | OJ8: 0 | OK8: 0 | OL8: 6830.43 | OM8: 0 | ON8: 0 | OO8: 0 | OP8: 5727.72 | OQ8: 4948.92 | OR8: 6195 | OS8: 7965 | OT8: 0 | OU8: 0 | OV8: 0 | OW8: 2389.5 | OX8: 0 | OY8: 0 | OZ8: 308 | PA8: 0 | PB8: 3243.24 | PC8: 5978.28 | PD8: 5852 | PE8: 0 | PF8: 0 | PG8: 5759.6 | PH8: 66469.48 | PI8: 59031.28 | PJ8: 0 | PK8: 71148 | PL8: 31348.24 | PM8: 19404 | PN8: 18670.96 | PO8: 36652 | PP8: 7228.76 | PQ8: 0 | PR8: 0 | PS8: 0 | PT8: 0 | PU8: 5195.96 | PV8: 7857.85 | PW8: 0 | PX8: 16342.48 | PY8: 8000.3 | PZ8: 12230.68 | QA8: 1848 | QB8: 7567.56 | QC8: 7295.75 | QD8: 9923.76 | QE8: 0 | QF8: 0 | QG8: 0 | QH8: 0 | QI8: 0 | QJ8: 2772 | QK8: 2938.32 | QL8: 0 | QM8: 0 | QN8: 0 | QO8: 0 | QP8: 0 | QQ8: 0 | QR8: 0 | QS8: 0 | QT8: 0 | QU8: 0 | QV8: 14808.64 | QW8: 0 | QX8: 0 | QY8: 0 | QZ8: 11885.72 | RA8: 0 | RB8: 0 | RC8: 0 | RD8: 9966.88 | RE8: 8611.68 | RF8: 10780 | RG8: 12474 | RH8: 0 | RI8: 0 | RJ8: 0 | RK8: 5775 | RL8: 0 | RM8: 0 | RN8: 186 | RO8: 0 | RP8: 1958.58 | RQ8: 3610.26 | RR8: 3180.6 | RS8: 0 | RT8: 0 | RU8: 3162 | RV8: 40140.66 | RW8: 35648.76 | RX8: 0 | RY8: 42966 | RZ8: 18931.08 | SA8: 11718 | SB8: 11275.32 | SC8: 22134 | SD8: 4365.42 | SE8: 0 | SF8: 0 | SG8: 0 | SH8: 0 | SI8: 3137.82 | SJ8: 3796.26 | SK8: 0 | SL8: 9869.16 | SM8: 3865.08 | SN8: 7386.06 | SO8: 1116 | SP8: 4570.02 | SQ8: 3524.7 | SR8: 5992.92 | SS8: 0 | ST8: 0 | SU8: 0 | SV8: 0 | SW8: 0 | SX8: 1674 | SY8: 1774.44 | SZ8: 0 | TA8: 0 | TB8: 0 | TC8: 0 | TD8: 0 | TE8: 0 | TF8: 0 | TG8: 0 | TH8: 0 | TI8: 0 | TJ8: 8942.88 | TK8: 0 | TL8: 0 | TM8: 0 | TN8: 7177.74 | TO8: 0 | TP8: 0 | TQ8: 0 | TR8: 7523.7 | TS8: 5200.56 | TT8: 5859 | TU8: 8370 | TV8: 0 | TW8: 0 | TX8: 0 | TY8: 2790 | TZ8: 0 | UA8: 0 | UB8: 242 | UC8: 0 | UD8: 2548.26 | UE8: 5166.942 | UF8: 4598 | UG8: 0 | UH8: 0 | UI8: 4114 | UJ8: 52226.02 | UK8: 46381.72 | UL8: 0 | UM8: 55902 | UN8: 24630.76 | UO8: 15246 | UP8: 14670.04 | UQ8: 28798 | UR8: 5111.766 | US8: 0 | UT8: 0 | UU8: 0 | UV8: 0 | UW8: 4490.794 | UX8: 4445.298 | UY8: 0 | UZ8: 11556.468 | VA8: 5028.76 | VB8: 9609.82 | VC8: 1306.8 | VD8: 5945.94 | VE8: 4585.9 | VF8: 7797.24 | VG8: 0 | VH8: 0 | VI8: 0 | VJ8: 0 | VK8: 0 | VL8: 2420 | VM8: 2308.68 | VN8: 0 | VO8: 0 | VP8: 0 | VQ8: 0 | VR8: 0 | VS8: 0 | VT8: 0 | VU8: 0 | VV8: 0 | VW8: 0 | VX8: 11635.36 | VY8: 0 | VZ8: 0 | WA8: 0 | WB8: 9338.78 | WC8: 0 | WD8: 0 | WE8: 0 | WF8: 7831.12 | WG8: 6766.32 | WH8: 10587.5 | WI8: 9801 | WJ8: 0 | WK8: 0 | WL8: 0 | WM8: 3630 | WN8: 0 | WO8: 0 | WP8: 62 | WQ8: 0 | WR8: 587.574 | WS8: 1203.42 | WT8: 1178 | WU8: 0 | WV8: 0 | WW8: 1054 | WX8: 13380.22 | WY8: 11882.92 | WZ8: 0 | XA8: 14322 | XB8: 6310.36 | XC8: 3906 | XD8: 3758.44 | XE8: 7378 | XF8: 1455.14 | XG8: 0 | XH8: 0 | XI8: 0 | XJ8: 0 | XK8: 1150.534 | XL8: 1265.42 | XM8: 0 | XN8: 3289.72 | XO8: 1288.36 | XP8: 2462.02 | XQ8: 372 | XR8: 1523.34 | XS8: 1468.625 | XT8: 1797.876 | XU8: 0 | XV8: 0 | XW8: 0 | XX8: 0 | XY8: 0 | XZ8: 620 | YA8: 739.35 | YB8: 0 | YC8: 0 | YD8: 0 | YE8: 0 | YF8: 0 | YG8: 0 | YH8: 0 | YI8: 0 | YJ8: 0 | YK8: 0 | YL8: 2980.96 | YM8: 0 | YN8: 0 | YO8: 0 | YP8: 2153.322 | YQ8: 0 | YR8: 0 | YS8: 0 | YT8: 1805.688 | YU8: 1733.52 | YV8: 2170 | YW8: 2790 | YX8: 0 | YY8: 0 | YZ8: 0 | ZA8: 1162.5 | ZB8: 0 | ZC8: 0 | ZD8: 59 | ZE8: 0 | ZF8: 621.27 | ZG8: 1145.19 | ZH8: 1121 | ZI8: 0 | ZJ8: 0 | ZK8: 1003 | ZL8: 12732.79 | ZM8: 11307.94 | ZN8: 0 | ZO8: 13629 | ZP8: 6005.02 | ZQ8: 3717 | ZR8: 3576.58 | ZS8: 7021 | ZT8: 1246.257 | ZU8: 0 | ZV8: 0 | ZW8: 0 | ZX8: 0 | ZY8: 995.33 | ZZ8: 1083.771 | AAA8: 0 | AAB8: 3443.594 | AAC8: 1532.525 | AAD8: 2108.601 | AAE8: 318.6 | AAF8: 1812.0375 | AAG8: 1118.05 | AAH8: 1900.98 | AAI8: 0 | AAJ8: 0 | AAK8: 0 | AAL8: 0 | AAM8: 0 | AAN8: 590 | AAO8: 562.86 | AAP8: 0 | AAQ8: 0 | AAR8: 0 | AAS8: 0 | AAT8: 0 | AAU8: 0 | AAV8: 0 | AAW8: 0 | AAX8: 0 | AAY8: 0 | AAZ8: 3545.9 | ABA8: 0 | ABB8: 0 | ABC8: 0 | ABD8: 2276.81 | ABE8: 0 | ABF8: 0 | ABG8: 0 | ABH8: 1909.24 | ABI8: 1649.64 | ABJ8: 1858.5 | ABK8: 2655 | ABL8: 0 | ABM8: 0 | ABN8: 0 | ABO8: 1106.25 | ABP8: 0 | ABQ8: 0 | ABR8: 249 | ABS8: 0 | ABT8: 2621.97 | ABU8: 4349.781 | ABV8: 4731 | ABW8: 0 | ABX8: 0 | ABY8: 4233 | ABZ8: 53736.69 | ACA8: 47723.34 | ACB8: 0 | ACC8: 57519 | ACD8: 25343.22 | ACE8: 15687 | ACF8: 15094.38 | ACG8: 29631 | ACH8: 5844.03 | ACI8: 0 | ACJ8: 0 | ACK8: 0 | ACL8: 0 | ACM8: 4200.63 | ACN8: 6352.6125 | ACO8: 0 | ACP8: 13211.94 | ACQ8: 5174.22 | ACR8: 9887.79 | ACS8: 1494 | ACT8: 6117.93 | ACU8: 4718.55 | ACV8: 8022.78 | ACW8: 0 | ACX8: 0 | ACY8: 0 | ACZ8: 0 | ADA8: 0 | ADB8: 2490 | ADC8: 2375.46 | ADD8: 0 | ADE8: 0 | ADF8: 0 | ADG8: 0 | ADH8: 0 | ADI8: 0 | ADJ8: 0 | ADK8: 0 | ADL8: 0 | ADM8: 0 | ADN8: 13169.112 | ADO8: 0 | ADP8: 0 | ADQ8: 0 | ADR8: 9608.91 | ADS8: 0 | ADT8: 0 | ADU8: 0 | ADV8: 7251.876 | ADW8: 6962.04 | ADX8: 8715 | ADY8: 12325.5 | ADZ8: 0 | AEA8: 0 | AEB8: 0 | AEC8: 3735 | AED8: 0 | AEE8: 0 | AEF8: 238 | AEG8: 0 | AEH8: 2506.14 | AEI8: 5081.538 | AEJ8: 4069.8 | AEK8: 0 | AEL8: 0 | AEM8: 5057.5 | AEN8: 51362.78 | AEO8: 45615.08 | AEP8: 0 | AEQ8: 54978 | AER8: 24223.64 | AES8: 14994 | AET8: 14427.56 | AEU8: 28322 | AEV8: 5027.274 | AEW8: 0 | AEX8: 0 | AEY8: 0 | AEZ8: 0 | AFA8: 4015.06 | AFB8: 5343.338 | AFC8: 0 | AFD8: 15785.35 | AFE8: 4945.64 | AFF8: 9450.98 | AFG8: 1428 | AFH8: 5847.66 | AFI8: 4961.11 | AFJ8: 7668.36 | AFK8: 0 | AFL8: 0 | AFM8: 0 | AFN8: 0 | AFO8: 0 | AFP8: 2380 | AFQ8: 2270.52 | AFR8: 0 | AFS8: 0 | AFT8: 0 | AFU8: 0 | AFV8: 0 | AFW8: 0 | AFX8: 0 | AFY8: 0 | AFZ8: 0 | AGA8: 0 | AGB8: 11443.04 | AGC8: 0 | AGD8: 0 | AGE8: 0 | AGF8: 8265.978 | AGG8: 0 | AGH8: 0 | AGI8: 0 | AGJ8: 9627.1 | AGK8: 6654.48 | AGL8: 9163 | AGM8: 11781 | AGN8: 0 | AGO8: 0 | AGP8: 0 | AGQ8: 3570 | AGR8: 0 | AGS8: 0 | AGU8: =IF($P8>0,CH8*$K8,0) -> 192 | AGV8: =IF($P8>0,EV8*$K8,0) -> 76 | AGW8: =IF($P8>0,HJ8*$K8,0) -> 324 | AGX8: =IF($P8>0,JX8*$K8,0) -> 129 | AGY8: =IF($P8>0,ML8*$K8,0) -> 177 | AGZ8: =IF($P8>0,OZ8*$K8,0) -> 308 | AHA8: =IF($P8>0,RN8*$K8,0) -> 186 | AHB8: =IF($P8>0,UB8*$K8,0) -> 242 | AHC8: =IF($P8>0,WP8*$K8,0) -> 62 | AHD8: =IF($P8>0,ZD8*$K8,0) -> 59 | AHE8: =IF($P8>0,ABR8*$K8,0) -> 249 | AHF8: =IF($P8>0,AEF8*$K8,0) -> 238
F9: ASSY-016 | H9: CH-002 | I9: part 2 | K9: 3 | L9: 12.7 | P9: 1 | R9: FMCNC2 | S9: HAND | Z9: 15.98 | AB9: 1.74 | AC9: 40.65 | AE9: 28.42 | AF9: 13 | AG9: 28.9 | AH9: 30.89 | AL9: 45.1 | AM9: 36.6 | AO9: 22.55 | AS9: 29 | AX9: 20.15 | AY9: 56.45 | AZ9: 44.65 | BA9: 24.02 | BC9: 18 | BE9: 40.06 | BG9: 28 | BI9: 57.41 | BQ9: 29 | BS9: 32 | BT9: 9 | BU9: 17.62 | BV9: 17 | BX9: 40.46 | BY9: 5.44 | CD9: 28 | CE9: 6.35 | CF9: 15.11 | CG9: 53.35 | CH9: 214 | CI9: 0 | CJ9: 0 | CK9: 0 | CL9: 0 | CM9: 0 | CN9: 3419.72 | CO9: 0 | CP9: 930.9 | CQ9: 21747.75 | CR9: 0 | CS9: 15204.7 | CT9: 13910 | CU9: 30923 | CV9: 33052.3 | CW9: 0 | CX9: 0 | CY9: 0 | CZ9: 9651.4 | DA9: 7832.4 | DB9: 0 | DC9: 4825.7 | DD9: 0 | DE9: 0 | DF9: 0 | DG9: 6206 | DH9: 0 | DI9: 0 | DJ9: 0 | DK9: 0 | DL9: 4743.31 | DM9: 12080.3 | DN9: 9555.1 | DO9: 5654.308 | DP9: 0 | DQ9: 3852 | DR9: 0 | DS9: 8572.84 | DT9: 0 | DU9: 5992 | DV9: 0 | DW9: 12285.74 | DX9: 0 | DY9: 0 | DZ9: 0 | EA9: 0 | EB9: 0 | EC9: 0 | ED9: 0 | EE9: 6206 | EF9: 0 | EG9: 6848 | EH9: 2407.5 | EI9: 3770.68 | EJ9: 3638 | EK9: 0 | EL9: 8658.44 | EM9: 1164.16 | EN9: 0 | EO9: 0 | EP9: 0 | EQ9: 0 | ER9: 7490 | ES9: 1358.9 | ET9: 3233.54 | EU9: 14271.125 | EV9: 273 | EW9: 0 | EX9: 0 | EY9: 0 | EZ9: 0 | FA9: 0 | FB9: 4362.54 | FC9: 0 | FD9: 1187.55 | FE9: 27743.625 | FF9: 0 | FG9: 19396.65 | FH9: 17745 | FI9: 39448.5 | FJ9: 42164.85 | FK9: 0 | FL9: 0 | FM9: 0 | FN9: 12312.3 | FO9: 8992.62 | FP9: 0 | FQ9: 6156.15 | FR9: 0 | FS9: 0 | FT9: 0 | FU9: 7125.3 | FV9: 0 | FW9: 0 | FX9: 0 | FY9: 0 | FZ9: 6051.045 | GA9: 16951.935 | GB9: 12189.45 | GC9: 6557.46 | GD9: 0 | GE9: 4914 | GF9: 0 | GG9: 10936.38 | GH9: 0 | GI9: 7644 | GJ9: 0 | GK9: 15672.93 | GL9: 0 | GM9: 0 | GN9: 0 | GO9: 0 | GP9: 0 | GQ9: 0 | GR9: 0 | GS9: 9896.25 | GT9: 0 | GU9: 8736 | GV9: 2457 | GW9: 6012.825 | GX9: 5105.1 | GY9: 0 | GZ9: 11045.58 | HA9: 1633.632 | HB9: 0 | HC9: 0 | HD9: 0 | HE9: 0 | HF9: 9555 | HG9: 1733.55 | HH9: 4125.03 | HI9: 14564.55 | HJ9: 189 | HK9: 0 | HL9: 0 | HM9: 0 | HN9: 0 | HO9: 0 | HP9: 3020.22 | HQ9: 0 | HR9: 822.15 | HS9: 19207.125 | HT9: 0 | HU9: 13428.45 | HV9: 12285 | HW9: 27310.5 | HX9: 29191.05 | HY9: 0 | HZ9: 0 | IA9: 0 | IB9: 9376.29 | IC9: 6917.4 | ID9: 0 | IE9: 4261.95 | IF9: 0 | IG9: 0 | IH9: 0 | II9: 5481 | IJ9: 0 | IK9: 0 | IL9: 0 | IM9: 0 | IN9: 4760.4375 | IO9: 10669.05 | IP9: 8438.85 | IQ9: 4539.78 | IR9: 0 | IS9: 3061.8 | IT9: 0 | IU9: 8328.474 | IV9: 0 | IW9: 5292 | IX9: 0 | IY9: 10850.49 | IZ9: 0 | JA9: 0 | JB9: 0 | JC9: 0 | JD9: 0 | JE9: 0 | JF9: 0 | JG9: 5481 | JH9: 0 | JI9: 6048 | JJ9: 2126.25 | JK9: 3330.18 | JL9: 3213 | JM9: 0 | JN9: 7646.94 | JO9: 1028.16 | JP9: 0 | JQ9: 0 | JR9: 0 | JS9: 0 | JT9: 5292 | JU9: 1320.165 | JV9: 2855.79 | JW9: 10083.15 | JX9: 312 | JY9: 0 | JZ9: 0 | KA9: 0 | KB9: 0 | KC9: 0 | KD9: 4985.76 | KE9: 0 | KF9: 1357.2 | KG9: 31707 | KH9: 0 | KI9: 22167.6 | KJ9: 20280 | KK9: 45084 | KL9: 48188.4 | KM9: 0 | KN9: 0 | KO9: 0 | KP9: 15478.32 | KQ9: 11419.2 | KR9: 0 | KS9: 7035.6 | KT9: 0 | KU9: 0 | KV9: 0 | KW9: 9048 | KX9: 0 | KY9: 0 | KZ9: 0 | LA9: 0 | LB9: 6286.8 | LC9: 17612.4 | LD9: 13930.8 | LE9: 8243.664 | LF9: 0 | LG9: 5616 | LH9: 0 | LI9: 12498.72 | LJ9: 0 | LK9: 8736 | LL9: 0 | LM9: 17911.92 | LN9: 0 | LO9: 0 | LP9: 0 | LQ9: 0 | LR9: 0 | LS9: 0 | LT9: 0 | LU9: 9048 | LV9: 0 | LW9: 9984 | LX9: 2808 | LY9: 5497.44 | LZ9: 4773.6 | MA9: 0 | MB9: 12623.52 | MC9: 1527.552 | MD9: 0 | ME9: 0 | MF9: 0 | MG9: 0 | MH9: 8736 | MI9: 1783.08 | MJ9: 5892.9 | MK9: 14980.68 | ML9: 289 | MM9: 0 | MN9: 0 | MO9: 0 | MP9: 0 | MQ9: 0 | MR9: 4618.22 | MS9: 0 | MT9: 1257.15 | MU9: 29369.625 | MV9: 0 | MW9: 20533.45 | MX9: 18785 | MY9: 41760.5 | MZ9: 44636.05 | NA9: 0 | NB9: 0 | NC9: 0 | ND9: 13033.9 | NE9: 10577.4 | NF9: 0 | NG9: 6516.95 | NH9: 0 | NI9: 0 | NJ9: 0 | NK9: 7542.9 | NL9: 0 | NM9: 0 | NN9: 0 | NO9: 0 | NP9: 5241.015 | NQ9: 16314.05 | NR9: 12903.85 | NS9: 6941.78 | NT9: 0 | NU9: 5202 | NV9: 0 | NW9: 14471.675 | NX9: 0 | NY9: 8092 | NZ9: 0 | OA9: 16591.49 | OB9: 0 | OC9: 0 | OD9: 0 | OE9: 0 | OF9: 0 | OG9: 0 | OH9: 0 | OI9: 9219.1 | OJ9: 0 | OK9: 9248 | OL9: 2601 | OM9: 4582.962 | ON9: 4913 | OO9: 0 | OP9: 11692.94 | OQ9: 1572.16 | OR9: 0 | OS9: 0 | OT9: 0 | OU9: 0 | OV9: 8092 | OW9: 1651.635 | OX9: 3930.111 | OY9: 15418.15 | OZ9: 163 | PA9: 0 | PB9: 0 | PC9: 0 | PD9: 0 | PE9: 0 | PF9: 2604.74 | PG9: 0 | PH9: 709.05 | PI9: 16564.875 | PJ9: 0 | PK9: 11581.15 | PL9: 10595 | PM9: 23553.5 | PN9: 25175.35 | PO9: 0 | PP9: 0 | PQ9: 0 | PR9: 7351.3 | PS9: 5965.8 | PT9: 0 | PU9: 3675.65 | PV9: 0 | PW9: 0 | PX9: 0 | PY9: 5908.75 | PZ9: 0 | QA9: 0 | QB9: 0 | QC9: 0 | QD9: 3284.45 | QE9: 9201.35 | QF9: 6550.155 | QG9: 3915.26 | QH9: 0 | QI9: 3227.4 | QJ9: 0 | QK9: 6529.78 | QL9: 0 | QM9: 5020.4 | QN9: 0 | QO9: 10293.613 | QP9: 0 | QQ9: 0 | QR9: 0 | QS9: 0 | QT9: 0 | QU9: 0 | QV9: 0 | QW9: 4727 | QX9: 0 | QY9: 5216 | QZ9: 1467 | RA9: 2872.06 | RB9: 2493.9 | RC9: 0 | RD9: 6594.98 | RE9: 886.72 | RF9: 0 | RG9: 0 | RH9: 0 | RI9: 0 | RJ9: 4564 | RK9: 1293.8125 | RL9: 2462.93 | RM9: 9565.655 | RN9: 64 | RO9: 0 | RP9: 0 | RQ9: 0 | RR9: 0 | RS9: 0 | RT9: 1022.72 | RU9: 0 | RV9: 278.4 | RW9: 6504 | RX9: 0 | RY9: 4547.2 | RZ9: 4160 | SA9: 9248 | SB9: 9884.8 | SC9: 0 | SD9: 0 | SE9: 0 | SF9: 2886.4 | SG9: 2342.4 | SH9: 0 | SI9: 1443.2 | SJ9: 0 | SK9: 0 | SL9: 0 | SM9: 1856 | SN9: 0 | SO9: 0 | SP9: 0 | SQ9: 0 | SR9: 1289.6 | SS9: 4516 | ST9: 2857.6 | SU9: 1537.28 | SV9: 0 | SW9: 1152 | SX9: 0 | SY9: 2563.84 | SZ9: 0 | TA9: 1792 | TB9: 0 | TC9: 3674.24 | TD9: 0 | TE9: 0 | TF9: 0 | TG9: 0 | TH9: 0 | TI9: 0 | TJ9: 0 | TK9: 2320 | TL9: 0 | TM9: 2048 | TN9: 576 | TO9: 1127.68 | TP9: 1088 | TQ9: 0 | TR9: 3236.8 | TS9: 348.16 | TT9: 0 | TU9: 0 | TV9: 0 | TW9: 0 | TX9: 1792 | TY9: 406.4 | TZ9: 967.04 | UA9: 3414.4 | UB9: 353 | UC9: 0 | UD9: 0 | UE9: 0 | UF9: 0 | UG9: 0 | UH9: 5640.94 | UI9: 0 | UJ9: 1535.55 | UK9: 35873.625 | UL9: 0 | UM9: 25080.65 | UN9: 22945 | UO9: 51008.5 | UP9: 54520.85 | UQ9: 0 | UR9: 0 | US9: 0 | UT9: 15920.3 | UU9: 12919.8 | UV9: 0 | UW9: 8756.165 | UX9: 0 | UY9: 0 | UZ9: 0 | VA9: 10237 | VB9: 0 | VC9: 0 | VD9: 0 | VE9: 0 | VF9: 7112.95 | VG9: 17934.165 | VH9: 15761.45 | VI9: 8479.06 | VJ9: 0 | VK9: 6354 | VL9: 0 | VM9: 14141.18 | VN9: 0 | VO9: 8895.6 | VP9: 0 | VQ9: 20265.73 | VR9: 0 | VS9: 0 | VT9: 0 | VU9: 0 | VV9: 0 | VW9: 0 | VX9: 0 | VY9: 10237 | VZ9: 0 | WA9: 11296 | WB9: 3177 | WC9: 6219.86 | WD9: 6001 | WE9: 0 | WF9: 14282.38 | WG9: 1920.32 | WH9: 0 | WI9: 0 | WJ9: 0 | WK9: 0 | WL9: 9884 | WM9: 2241.55 | WN9: 5333.83 | WO9: 18832.55 | WP9: 263 | WQ9: 0 | WR9: 0 | WS9: 0 | WT9: 0 | WU9: 0 | WV9: 4202.74 | WW9: 0 | WX9: 1144.05 | WY9: 26727.375 | WZ9: 0 | XA9: 18686.15 | XB9: 17095 | XC9: 38003.5 | XD9: 40620.35 | XE9: 0 | XF9: 0 | XG9: 0 | XH9: 11861.3 | XI9: 12032.25 | XJ9: 0 | XK9: 6523.715 | XL9: 0 | XM9: 0 | XN9: 0 | XO9: 7627 | XP9: 0 | XQ9: 0 | XR9: 0 | XS9: 0 | XT9: 4769.505 | XU9: 14846.35 | XV9: 10568.655 | XW9: 6317.26 | XX9: 0 | XY9: 4734 | XZ9: 0 | YA9: 13169.725 | YB9: 0 | YC9: 9205 | YD9: 0 | YE9: 15098.83 | YF9: 0 | YG9: 0 | YH9: 0 | YI9: 0 | YJ9: 0 | YK9: 0 | YL9: 0 | YM9: 6864.3 | YN9: 0 | YO9: 8416 | YP9: 2130.3 | YQ9: 4634.06 | YR9: 4471 | YS9: 0 | YT9: 9576.882 | YU9: 1430.72 | YV9: 0 | YW9: 0 | YX9: 0 | YY9: 0 | YZ9: 8100.4 | ZA9: 2087.5625 | ZB9: 3973.93 | ZC9: 14031.05 | ZD9: 316 | ZE9: 0 | ZF9: 0 | ZG9: 0 | ZH9: 0 | ZI9: 0 | ZJ9: 5049.68 | ZK9: 0 | ZL9: 1374.6 | ZM9: 32113.5 | ZN9: 0 | ZO9: 22451.8 | ZP9: 20540 | ZQ9: 45662 | ZR9: 48806.2 | ZS9: 0 | ZT9: 0 | ZU9: 0 | ZV9: 14251.6 | ZW9: 11565.6 | ZX9: 0 | ZY9: 7125.8 | ZZ9: 0 | AAA9: 0 | AAB9: 0 | AAC9: 11455 | AAD9: 0 | AAE9: 0 | AAF9: 0 | AAG9: 0 | AAH9: 6367.4 | AAI9: 19622.02 | AAJ9: 17636.75 | AAK9: 7590.32 | AAL9: 0 | AAM9: 5688 | AAN9: 0 | AAO9: 12658.96 | AAP9: 0 | AAQ9: 8848 | AAR9: 0 | AAS9: 18141.56 | AAT9: 0 | AAU9: 0 | AAV9: 0 | AAW9: 0 | AAX9: 0 | AAY9: 0 | AAZ9: 0 | ABA9: 9164 | ABB9: 0 | ABC9: 10112 | ABD9: 2844 | ABE9: 5567.92 | ABF9: 6715 | ABG9: 0 | ABH9: 12785.36 | ABI9: 1719.04 | ABJ9: 0 | ABK9: 0 | ABL9: 0 | ABM9: 0 | ABN9: 8848 | ABO9: 2508.25 | ABP9: 4774.76 | ABQ9: 16858.6 | ABR9: 335 | ABS9: 0 | ABT9: 0 | ABU9: 0 | ABV9: 0 | ABW9: 0 | ABX9: 5353.3 | ABY9: 0 | ABZ9: 1457.25 | ACA9: 34044.375 | ACB9: 0 | ACC9: 23801.75 | ACD9: 21775 | ACE9: 48407.5 | ACF9: 51740.75 | ACG9: 0 | ACH9: 0 | ACI9: 0 | ACJ9: 16619.35 | ACK9: 13487.1 | ACL9: 0 | ACM9: 7554.25 | ACN9: 0 | ACO9: 0 | ACP9: 0 | ACQ9: 9715 | ACR9: 0 | ACS9: 0 | ACT9: 0 | ACU9: 0 | ACV9: 6750.25 | ACW9: 17019.675 | ACX9: 16453.525 | ACY9: 7242.03 | ACZ9: 0 | ADA9: 6030 | ADB9: 0 | ADC9: 13420.1 | ADD9: 0 | ADE9: 11725 | ADF9: 0 | ADG9: 19232.35 | ADH9: 0 | ADI9: 0 | ADJ9: 0 | ADK9: 0 | ADL9: 0 | ADM9: 0 | ADN9: 0 | ADO9: 9715 | ADP9: 0 | ADQ9: 11792 | ADR9: 3015 | ADS9: 5902.7 | ADT9: 5695 | ADU9: 0 | ADV9: 12198.69 | ADW9: 1822.4 | ADX9: 0 | ADY9: 0 | ADZ9: 0 | AEA9: 0 | AEB9: 9380 | AEC9: 2127.25 | AED9: 6327.3125 | AEE9: 17872.25 | AEF9: 346 | AEG9: 0 | AEH9: 0 | AEI9: 0 | AEJ9: 0 | AEK9: 0 | AEL9: 5529.08 | AEM9: 0 | AEN9: 1505.1 | AEO9: 35162.25 | AEP9: 0 | AEQ9: 24583.3 | AER9: 22490 | AES9: 49997 | AET9: 53439.7 | AEU9: 0 | AEV9: 0 | AEW9: 0 | AEX9: 19505.75 | AEY9: 12663.6 | AEZ9: 0 | AFA9: 7802.3 | AFB9: 0 | AFC9: 0 | AFD9: 0 | AFE9: 10034 | AFF9: 0 | AFG9: 0 | AFH9: 0 | AFI9: 0 | AFJ9: 6971.9 | AFK9: 19531.7 | AFL9: 15448.9 | AFM9: 8310.92 | AFN9: 0 | AFO9: 6228 | AFP9: 0 | AFQ9: 13860.76 | AFR9: 0 | AFS9: 9688 | AFT9: 0 | AFU9: 19863.86 | AFV9: 0 | AFW9: 0 | AFX9: 0 | AFY9: 0 | AFZ9: 0 | AGA9: 0 | AGB9: 0 | AGC9: 10034 | AGD9: 0 | AGE9: 11072 | AGF9: 2802.6 | AGG9: 5486.868 | AGH9: 5882 | AGI9: 0 | AGJ9: 17498.95 | AGK9: 1882.24 | AGL9: 0 | AGM9: 0 | AGN9: 0 | AGO9: 0 | AGP9: 9688 | AGQ9: 2197.1 | AGR9: 4705.254 | AGS9: 20305.01 | AGU9: =IF($P9>0,CH9*$K9,0) -> 642 | AGV9: =IF($P9>0,EV9*$K9,0) -> 819 | AGW9: =IF($P9>0,HJ9*$K9,0) -> 567 | AGX9: =IF($P9>0,JX9*$K9,0) -> 936 | AGY9: =IF($P9>0,ML9*$K9,0) -> 867 | AGZ9: =IF($P9>0,OZ9*$K9,0) -> 489 | AHA9: =IF($P9>0,RN9*$K9,0) -> 192 | AHB9: =IF($P9>0,UB9*$K9,0) -> 1059 | AHC9: =IF($P9>0,WP9*$K9,0) -> 789 | AHD9: =IF($P9>0,ZD9*$K9,0) -> 948 | AHE9: =IF($P9>0,ABR9*$K9,0) -> 1005 | AHF9: =IF($P9>0,AEF9*$K9,0) -> 1038
F10: ASSY-024 | H10: CH-003 | I10: part 3 | K10: 3 | L10: SPEC-A | P10: 2 | R10: 0 | S10: HAND | W10: 12 | X10: 17.37 | Z10: 38.15 | AB10: 15.66 | AC10: 2 | AD10: 46.06 | AF10: 34 | AH10: 10.11 | AO10: 15 | AQ10: 9 | AV10: 56.67 | AW10: 47.64 | AX10: 59.79 | AY10: 50.53 | AZ10: 33.27 | BA10: 39.33 | BB10: 53.21 | BD10: 26.04 | BK10: 50.86 | BL10: 12.82 | BN10: 16.64 | BP10: 37 | BT10: 55.39 | BU10: 36.17 | BX10: 43.01 | BY10: 5.68 | BZ10: 39.5 | CC10: 24 | CF10: 5.77 | CH10: 277 | CI10: 0 | CJ10: 0 | CK10: 3324 | CL10: 4811.49 | CM10: 0 | CN10: 10567.55 | CO10: 0 | CP10: 4337.82 | CQ10: 609.4 | CR10: 12758.62 | CS10: 0 | CT10: 11772.5 | CU10: 0 | CV10: 2800.47 | CW10: 0 | CX10: 9972 | CY10: 0 | CZ10: 0 | DA10: 0 | DB10: 0 | DC10: 4155 | DD10: 0 | DE10: 2493 | DF10: 0 | DG10: 0 | DH10: 0 | DI10: 0 | DJ10: 19621.987 | DK10: 13196.28 | DL10: 18218.013 | DM10: 13996.81 | DN10: 9215.79 | DO10: 11983.851 | DP10: 14739.17 | DQ10: 0 | DR10: 7213.08 | DS10: 0 | DT10: 0 | DU10: 0 | DV10: 0 | DW10: 0 | DX10: 0 | DY10: 14088.22 | DZ10: 3551.14 | EA10: 0 | EB10: 4609.28 | EC10: 0 | ED10: 12811.25 | EE10: 0 | EF10: 0 | EG10: 0 | EH10: 19178.787 | EI10: 10019.09 | EJ10: 0 | EK10: 0 | EL10: 11913.77 | EM10: 1573.36 | EN10: 10941.5 | EO10: 0 | EP10: 0 | EQ10: 6648 | ER10: 0 | ES10: 0 | ET10: 1598.29 | EU10: 0 | EV10: 398 | EW10: 0 | EX10: 0 | EY10: 4776 | EZ10: 6913.26 | FA10: 0 | FB10: 15183.7 | FC10: 0 | FD10: 6232.68 | FE10: 716.4 | FF10: 18331.88 | FG10: 0 | FH10: 13532 | FI10: 0 | FJ10: 5029.725 | FK10: 0 | FL10: 14328 | FM10: 0 | FN10: 0 | FO10: 0 | FP10: 0 | FQ10: 5970 | FR10: 0 | FS10: 4477.5 | FT10: 0 | FU10: 0 | FV10: 0 | FW10: 0 | FX10: 20299.194 | FY10: 23700.9 | FZ10: 26176.062 | GA10: 22122.034 | GB10: 13241.46 | GC10: 15653.34 | GD10: 21177.58 | GE10: 0 | GF10: 10363.92 | GG10: 0 | GH10: 0 | GI10: 0 | GJ10: 0 | GK10: 0 | GL10: 0 | GM10: 20242.28 | GN10: 6377.95 | GO10: 0 | GP10: 7284.992 | GQ10: 0 | GR10: 14726 | GS10: 0 | GT10: 0 | GU10: 0 | GV10: 22045.22 | GW10: 17994.575 | GX10: 0 | GY10: 0 | GZ10: 17117.98 | HA10: 2486.704 | HB10: 19651.25 | HC10: 0 | HD10: 0 | HE10: 9552 | HF10: 0 | HG10: 0 | HH10: 2296.46 | HI10: 0 | HJ10: 257 | HK10: 0 | HL10: 0 | HM10: 3392.4 | HN10: 4464.09 | HO10: 0 | HP10: 9804.55 | HQ10: 0 | HR10: 4427.082 | HS10: 514 | HT10: 10653.678 | HU10: 0 | HV10: 8738 | HW10: 0 | HX10: 2858.097 | HY10: 0 | HZ10: 9252 | IA10: 0 | IB10: 0 | IC10: 0 | ID10: 0 | IE10: 3855 | IF10: 0 | IG10: 2891.25 | IH10: 0 | II10: 0 | IJ10: 0 | IK10: 0 | IL10: 14564.19 | IM10: 12243.48 | IN10: 19207.537 | IO10: 12986.21 | IP10: 8550.39 | IQ10: 10107.81 | IR10: 17093.713 | IS10: 0 | IT10: 6023.052 | IU10: 0 | IV10: 0 | IW10: 0 | IX10: 0 | IY10: 0 | IZ10: 0 | JA10: 13071.02 | JB10: 4118.425 | JC10: 0 | JD10: 4704.128 | JE10: 0 | JF10: 9509 | JG10: 0 | JH10: 0 | JI10: 0 | JJ10: 17794.037 | JK10: 9295.69 | JL10: 0 | JM10: 0 | JN10: 11053.57 | JO10: 1459.76 | JP10: 12689.375 | JQ10: 0 | JR10: 0 | JS10: 6168 | JT10: 0 | JU10: 0 | JV10: 1482.89 | JW10: 0 | JX10: 168 | JY10: 0 | JZ10: 0 | KA10: 2520 | KB10: 3647.7 | KC10: 0 | KD10: 6409.2 | KE10: 0 | KF10: 2630.88 | KG10: 302.4 | KH10: 8511.888 | KI10: 0 | KJ10: 5712 | KK10: 0 | KL10: 1698.48 | KM10: 0 | KN10: 6048 | KO10: 0 | KP10: 0 | KQ10: 0 | KR10: 0 | KS10: 2520 | KT10: 0 | KU10: 1512 | KV10: 0 | KW10: 0 | KX10: 0 | KY10: 0 | KZ10: 9520.56 | LA10: 8803.872 | LB10: 10044.72 | LC10: 8489.04 | LD10: 5589.36 | LE10: 7268.184 | LF10: 8939.28 | LG10: 0 | LH10: 4374.72 | LI10: 0 | LJ10: 0 | LK10: 0 | LL10: 0 | LM10: 0 | LN10: 0 | LO10: 8544.48 | LP10: 2153.76 | LQ10: 0 | LR10: 2795.52 | LS10: 0 | LT10: 6216 | LU10: 0 | LV10: 0 | LW10: 0 | LX10: 9305.52 | LY10: 6076.56 | LZ10: 0 | MA10: 0 | MB10: 7225.68 | MC10: 858.816 | MD10: 6636 | ME10: 0 | MF10: 0 | MG10: 4032 | MH10: 0 | MI10: 0 | MJ10: 1211.7 | MK10: 0 | ML10: 325 | MM10: 0 | MN10: 0 | MO10: 4290 | MP10: 5645.25 | MQ10: 0 | MR10: 12398.75 | MS10: 0 | MT10: 5089.5 | MU10: 715 | MV10: 16466.45 | MW10: 0 | MX10: 11050 | MY10: 0 | MZ10: 2957.175 | NA10: 0 | NB10: 11700 | NC10: 0 | ND10: 0 | NE10: 0 | NF10: 0 | NG10: 4875 | NH10: 0 | NI10: 2925 | NJ10: 0 | NK10: 0 | NL10: 0 | NM10: 0 | NN10: 18417.75 | NO10: 13934.7 | NP10: 17488.575 | NQ10: 16422.25 | NR10: 10812.75 | NS10: 12782.25 | NT10: 15563.925 | NU10: 0 | NV10: 10578.75 | NW10: 0 | NX10: 0 | NY10: 0 | NZ10: 0 | OA10: 0 | OB10: 0 | OC10: 16529.5 | OD10: 3749.85 | OE10: 0 | OF10: 5408 | OG10: 0 | OH10: 12025 | OI10: 0 | OJ10: 0 | OK10: 0 | OL10: 18001.75 | OM10: 10579.725 | ON10: 0 | OO10: 0 | OP10: 13978.25 | OQ10: 1846 | OR10: 12837.5 | OS10: 0 | OT10: 0 | OU10: 7800 | OV10: 0 | OW10: 0 | OX10: 1687.725 | OY10: 0 | OZ10: 114 | PA10: 0 | PB10: 0 | PC10: 1368 | PD10: 1980.18 | PE10: 0 | PF10: 4349.1 | PG10: 0 | PH10: 1785.24 | PI10: 228 | PJ10: 5250.84 | PK10: 0 | PL10: 3876 | PM10: 0 | PN10: 1037.286 | PO10: 0 | PP10: 4104 | PQ10: 0 | PR10: 0 | PS10: 0 | PT10: 0 | PU10: 1710 | PV10: 0 | PW10: 1026 | PX10: 0 | PY10: 0 | PZ10: 0 | QA10: 0 | QB10: 6460.38 | QC10: 6788.7 | QD10: 6816.06 | QE10: 5760.42 | QF10: 3413.502 | QG10: 4483.62 | QH10: 6065.94 | QI10: 0 | QJ10: 2671.704 | QK10: 0 | QL10: 0 | QM10: 0 | QN10: 0 | QO10: 0 | QP10: 0 | QQ10: 5798.04 | QR10: 1607.628 | QS10: 0 | QT10: 1707.264 | QU10: 0 | QV10: 4218 | QW10: 0 | QX10: 0 | QY10: 0 | QZ10: 6314.46 | RA10: 4123.38 | RB10: 0 | RC10: 0 | RD10: 4903.14 | RE10: 647.52 | RF10: 4503 | RG10: 0 | RH10: 0 | RI10: 2736 | RJ10: 0 | RK10: 0 | RL10: 657.78 | RM10: 0 | RN10: 313 | RO10: 0 | RP10: 0 | RQ10: 3756 | RR10: 4893.129 | RS10: 0 | RT10: 11940.95 | RU10: 0 | RV10: 4901.58 | RW10: 563.4 | RX10: 12975.102 | RY10: 0 | RZ10: 10642 | SA10: 0 | SB10: 3164.43 | SC10: 0 | SD10: 11268 | SE10: 0 | SF10: 0 | SG10: 0 | SH10: 0 | SI10: 4695 | SJ10: 0 | SK10: 2817 | SL10: 0 | SM10: 0 | SN10: 0 | SO10: 0 | SP10: 17737.71 | SQ10: 14911.32 | SR10: 18714.27 | SS10: 19769.862 | ST10: 10413.51 | SU10: 12310.29 | SV10: 16654.73 | SW10: 0 | SX10: 7335.468 | SY10: 0 | SZ10: 0 | TA10: 0 | TB10: 0 | TC10: 0 | TD10: 0 | TE10: 15919.18 | TF10: 4012.66 | TG10: 0 | TH10: 5729.152 | TI10: 0 | TJ10: 11581 | TK10: 0 | TL10: 0 | TM10: 0 | TN10: 17337.07 | TO10: 11321.21 | TP10: 0 | TQ10: 0 | TR10: 16827.662 | TS10: 1777.84 | TT10: 11127.15 | TU10: 0 | TV10: 0 | TW10: 7512 | TX10: 0 | TY10: 0 | TZ10: 1806.01 | UA10: 0 | UB10: 388 | UC10: 0 | UD10: 0 | UE10: 5121.6 | UF10: 6739.56 | UG10: 0 | UH10: 14802.2 | UI10: 0 | UJ10: 6683.688 | UK10: 776 | UL10: 19658.408 | UM10: 0 | UN10: 13192 | UO10: 0 | UP10: 3922.68 | UQ10: 0 | UR10: 13968 | US10: 0 | UT10: 0 | UU10: 0 | UV10: 0 | UW10: 6402 | UX10: 0 | UY10: 3492 | UZ10: 0 | VA10: 0 | VB10: 0 | VC10: 0 | VD10: 21987.96 | VE10: 18484.32 | VF10: 23198.52 | VG10: 17645.076 | VH10: 12908.76 | VI10: 15260.04 | VJ10: 20645.48 | VK10: 0 | VL10: 10103.52 | VM10: 0 | VN10: 0 | VO10: 0 | VP10: 0 | VQ10: 0 | VR10: 0 | VS10: 24667.1 | VT10: 4476.744 | VU10: 0 | VV10: 6456.32 | VW10: 0 | VX10: 14356 | VY10: 0 | VZ10: 0 | WA10: 0 | WB10: 21491.32 | WC10: 14033.96 | WD10: 0 | WE10: 0 | WF10: 16687.88 | WG10: 2203.84 | WH10: 19157.5 | WI10: 0 | WJ10: 0 | WK10: 10243.2 | WL10: 0 | WM10: 0 | WN10: 2238.76 | WO10: 0 | WP10: 99 | WQ10: 0 | WR10: 0 | WS10: 1188 | WT10: 1719.63 | WU10: 0 | WV10: 3776.85 | WW10: 0 | WX10: 1550.34 | WY10: 198 | WZ10: 4559.94 | XA10: 0 | XB10: 3366 | XC10: 0 | XD10: 1000.89 | XE10: 0 | XF10: 3564 | XG10: 0 | XH10: 0 | XI10: 0 | XJ10: 0 | XK10: 1633.5 | XL10: 0 | XM10: 891 | XN10: 0 | XO10: 0 | XP10: 0 | XQ10: 0 | XR10: 5610.33 | XS10: 5895.45 | XT10: 5327.289 | XU10: 5002.47 | XV10: 2964.357 | XW10: 3893.67 | XX10: 4741.011 | XY10: 0 | XZ10: 2577.96 | YA10: 0 | YB10: 0 | YC10: 0 | YD10: 0 | YE10: 0 | YF10: 0 | YG10: 5035.14 | YH10: 1269.18 | YI10: 0 | YJ10: 1482.624 | YK10: 0 | YL10: 3663 | YM10: 0 | YN10: 0 | YO10: 0 | YP10: 4935.249 | YQ10: 3580.83 | YR10: 0 | YS10: 0 | YT10: 3832.191 | YU10: 562.32 | YV10: 3910.5 | YW10: 0 | YX10: 0 | YY10: 2970 | YZ10: 0 | ZA10: 0 | ZB10: 571.23 | ZC10: 0 | ZD10: 122 | ZE10: 0 | ZF10: 0 | ZG10: 1464 | ZH10: 2119.14 | ZI10: 0 | ZJ10: 4654.3 | ZK10: 0 | ZL10: 2101.572 | ZM10: 244 | ZN10: 5619.32 | ZO10: 0 | ZP10: 4148 | ZQ10: 0 | ZR10: 1233.42 | ZS10: 0 | ZT10: 4392 | ZU10: 0 | ZV10: 0 | ZW10: 0 | ZX10: 0 | ZY10: 1830 | ZZ10: 0 | AAA10: 1098 | AAB10: 0 | AAC10: 0 | AAD10: 0 | AAE10: 0 | AAF10: 8642.175 | AAG10: 5812.08 | AAH10: 7294.38 | AAI10: 6781.126 | AAJ10: 5073.675 | AAK10: 4798.26 | AAL10: 6491.62 | AAM10: 0 | AAN10: 3176.88 | AAO10: 0 | AAP10: 0 | AAQ10: 0 | AAR10: 0 | AAS10: 0 | AAT10: 0 | AAU10: 6204.92 | AAV10: 1564.04 | AAW10: 0 | AAX10: 2030.08 | AAY10: 0 | AAZ10: 5642.5 | ABA10: 0 | ABB10: 0 | ABC10: 0 | ABD10: 6757.58 | ABE10: 4412.74 | ABF10: 0 | ABG10: 0 | ABH10: 5247.22 | ABI10: 692.96 | ABJ10: 4337.1 | ABK10: 0 | ABL10: 0 | ABM10: 2928 | ABN10: 0 | ABO10: 0 | ABP10: 703.94 | ABQ10: 0 | ABR10: 205 | ABS10: 0 | ABT10: 0 | ABU10: 2214 | ABV10: 3560.85 | ABW10: 0 | ABX10: 7820.75 | ABY10: 0 | ABZ10: 3210.3 | ACA10: 410 | ACB10: 9442.3 | ACC10: 0 | ACD10: 6970 | ACE10: 0 | ACF10: 2590.6875 | ACG10: 0 | ACH10: 7380 | ACI10: 0 | ACJ10: 0 | ACK10: 0 | ACL10: 0 | ACM10: 3075 | ACN10: 0 | ACO10: 1845 | ACP10: 0 | ACQ10: 0 | ACR10: 0 | ACS10: 0 | ACT10: 11617.35 | ACU10: 9766.2 | ACV10: 12256.95 | ACW10: 9322.785 | ACX10: 7502.385 | ACY10: 7256.385 | ACZ10: 10908.05 | ADA10: 0 | ADB10: 5338.2 | ADC10: 0 | ADD10: 0 | ADE10: 0 | ADF10: 0 | ADG10: 0 | ADH10: 0 | ADI10: 10426.3 | ADJ10: 2628.1 | ADK10: 0 | ADL10: 3411.2 | ADM10: 0 | ADN10: 8343.5 | ADO10: 0 | ADP10: 0 | ADQ10: 0 | ADR10: 11354.95 | ADS10: 7414.85 | ADT10: 0 | ADU10: 0 | ADV10: 7935.345 | ADW10: 1164.4 | ADX10: 8097.5 | ADY10: 0 | ADZ10: 0 | AEA10: 4920 | AEB10: 0 | AEC10: 0 | AED10: 1478.5625 | AEE10: 0 | AEF10: 378 | AEG10: 0 | AEH10: 0 | AEI10: 4989.6 | AEJ10: 5909.274 | AEK10: 0 | AEL10: 14420.7 | AEM10: 0 | AEN10: 5919.48 | AEO10: 756 | AEP10: 19151.748 | AEQ10: 0 | AER10: 16065 | AES10: 0 | AET10: 3821.58 | AEU10: 0 | AEV10: 13608 | AEW10: 0 | AEX10: 0 | AEY10: 0 | AEZ10: 0 | AFA10: 5670 | AFB10: 0 | AFC10: 3402 | AFD10: 0 | AFE10: 0 | AFF10: 0 | AFG10: 0 | AFH10: 21421.26 | AFI10: 19808.712 | AFJ10: 22600.62 | AFK10: 19100.34 | AFL10: 12576.06 | AFM10: 14866.74 | AFN10: 18102.042 | AFO10: 0 | AFP10: 9843.12 | AFQ10: 0 | AFR10: 0 | AFS10: 0 | AFT10: 0 | AFU10: 0 | AFV10: 0 | AFW10: 21147.588 | AFX10: 6057.45 | AFY10: 0 | AFZ10: 5660.928 | AGA10: 0 | AGB10: 13986 | AGC10: 0 | AGD10: 0 | AGE10: 0 | AGF10: 18843.678 | AGG10: 12305.034 | AGH10: 0 | AGI10: 0 | AGJ10: 20322.225 | AGK10: 2147.04 | AGL10: 16424.1 | AGM10: 0 | AGN10: 0 | AGO10: 9072 | AGP10: 0 | AGQ10: 0 | AGR10: 1962.954 | AGS10: 0 | AGU10: =IF($P10>0,CH10*$K10,0) -> 831 | AGV10: =IF($P10>0,EV10*$K10,0) -> 1194 | AGW10: =IF($P10>0,HJ10*$K10,0) -> 771 | AGX10: =IF($P10>0,JX10*$K10,0) -> 504 | AGY10: =IF($P10>0,ML10*$K10,0) -> 975 | AGZ10: =IF($P10>0,OZ10*$K10,0) -> 342 | AHA10: =IF($P10>0,RN10*$K10,0) -> 939 | AHB10: =IF($P10>0,UB10*$K10,0) -> 1164 | AHC10: =IF($P10>0,WP10*$K10,0) -> 297 | AHD10: =IF($P10>0,ZD10*$K10,0) -> 366 | AHE10: =IF($P10>0,ABR10*$K10,0) -> 615 | AHF10: =IF($P10>0,AEF10*$K10,0) -> 1134
F11: ASSY-004 | H11: CH-004 | I11: part 4 | K11: 4 | L11: 15.88 | P11: 0 | R11: FM | S11: 0 | V11: 49.47 | AA11: 53.92 | AB11: 48.9 | AC11: 4.69 | AD11: 39 | AE11: 57.5 | AF11: 21 | AG11: 39 | AI11: 29.04 | AL11: 30.11 | AN11: 20 | AR11: 22.35 | AT11: 45.42 | AU11: 3 | AW11: 7 | AY11: 6.69 | BC11: 37.6 | BH11: 19 | BI11: 15.99 | BJ11: 11.96 | BK11: 54.55 | BL11: 15.85 | BM11: 39.33 | BN11: 3.18 | BO11: 15 | BR11: 8.03 | BS11: 38 | BT11: 31.25 | BU11: 46.72 | BW11: 42.87 | BX11: 21.06 | BY11: 3 | CB11: 20.31 | CD11: 13 | CG11: 24.32 | CH11: 285 | CI11: 0 | CJ11: 14098.95 | CK11: 0 | CL11: 0 | CM11: 0 | CN11: 0 | CO11: 19209 | CP11: 13936.5 | CQ11: 1470.315 | CR11: 11115 | CS11: 16387.5 | CT11: 7481.25 | CU11: 10003.5 | CV11: 0 | CW11: 8276.4 | CX11: 0 | CY11: 0 | CZ11: 8581.35 | DA11: 0 | DB11: 5700 | DC11: 0 | DD11: 0 | DE11: 0 | DF11: 6369.75 | DG11: 0 | DH11: 12944.7 | DI11: 855 | DJ11: 0 | DK11: 1995 | DL11: 0 | DM11: 1906.65 | DN11: 0 | DO11: 0 | DP11: 0 | DQ11: 10716 | DR11: 0 | DS11: 0 | DT11: 0 | DU11: 0 | DV11: 5415 | DW11: 4557.15 | DX11: 3408.6 | DY11: 15546.75 | DZ11: 4517.25 | EA11: 11209.05 | EB11: 906.3 | EC11: 4275 | ED11: 0 | EE11: 0 | EF11: 2517.405 | EG11: 10830 | EH11: 11132.812 | EI11: 13315.2 | EJ11: 0 | EK11: 15272.438 | EL11: 6002.1 | EM11: 855 | EN11: 0 | EO11: 0 | EP11: 5788.35 | EQ11: 0 | ER11: 4631.25 | ES11: 0 | ET11: 0 | EU11: 8664 | EV11: 68 | EW11: 0 | EX11: 3363.96 | EY11: 0 | EZ11: 0 | FA11: 0 | FB11: 0 | FC11: 3666.56 | FD11: 3325.2 | FE11: 287.028 | FF11: 2652 | FG11: 3910 | FH11: 1428 | FI11: 2652 | FJ11: 0 | FK11: 1974.72 | FL11: 0 | FM11: 0 | FN11: 2047.48 | FO11: 0 | FP11: 1224 | FQ11: 0 | FR11: 0 | FS11: 0 | FT11: 1519.8 | FU11: 0 | FV11: 3088.56 | FW11: 204 | FX11: 0 | FY11: 595 | FZ11: 0 | GA11: 500.412 | GB11: 0 | GC11: 0 | GD11: 0 | GE11: 2556.8 | GF11: 0 | GG11: 0 | GH11: 0 | GI11: 0 | GJ11: 1292 | GK11: 1087.32 | GL11: 813.28 | GM11: 3709.4 | GN11: 1347.25 | GO11: 2406.996 | GP11: 237.864 | GQ11: 1020 | GR11: 0 | GS11: 0 | GT11: 546.04 | GU11: 2584 | GV11: 2125 | GW11: 3971.2 | GX11: 0 | GY11: 2915.16 | GZ11: 1432.08 | HA11: 224.4 | HB11: 0 | HC11: 0 | HD11: 1381.08 | HE11: 0 | HF11: 1105 | HG11: 0 | HH11: 0 | HI11: 1653.76 | HJ11: 148 | HK11: 0 | HL11: 7321.56 | HM11: 0 | HN11: 0 | HO11: 0 | HP11: 0 | HQ11: 7980.16 | HR11: 7960.92 | HS11: 694.12 | HT11: 5194.8 | HU11: 9361 | HV11: 3108 | HW11: 7215 | HX11: 0 | HY11: 4297.92 | HZ11: 0 | IA11: 0 | IB11: 4901.908 | IC11: 0 | ID11: 3700 | IE11: 0 | IF11: 0 | IG11: 0 | IH11: 3638.58 | II11: 0 | IJ11: 6722.16 | IK11: 444 | IL11: 0 | IM11: 1036 | IN11: 0 | IO11: 990.12 | IP11: 0 | IQ11: 0 | IR11: 0 | IS11: 5008.32 | IT11: 0 | IU11: 0 | IV11: 0 | IW11: 0 | IX11: 2812 | IY11: 2366.52 | IZ11: 1770.08 | JA11: 8073.4 | JB11: 2932.25 | JC11: 5820.84 | JD11: 517.704 | JE11: 2220 | JF11: 0 | JG11: 0 | JH11: 1069.596 | JI11: 5624 | JJ11: 5781.25 | JK11: 6914.56 | JL11: 0 | JM11: 6979.236 | JN11: 3116.88 | JO11: 444 | JP11: 0 | JQ11: 0 | JR11: 3005.88 | JS11: 0 | JT11: 1924 | JU11: 0 | JV11: 0 | JW11: 3599.36 | JX11: 214 | JY11: 0 | JZ11: 10586.58 | KA11: 0 | KB11: 0 | KC11: 0 | KD11: 0 | KE11: 14423.6 | KF11: 10464.6 | KG11: 903.294 | KH11: 9180.6 | KI11: 11074.5 | KJ11: 4494 | KK11: 8346 | KL11: 0 | KM11: 6214.56 | KN11: 0 | KO11: 0 | KP11: 7087.894 | KQ11: 0 | KR11: 5350 | KS11: 0 | KT11: 0 | KU11: 0 | KV11: 4782.9 | KW11: 0 | KX11: 12149.85 | KY11: 642 | KZ11: 0 | LA11: 1647.8 | LB11: 0 | LC11: 1431.66 | LD11: 0 | LE11: 0 | LF11: 0 | LG11: 8046.4 | LH11: 0 | LI11: 0 | LJ11: 0 | LK11: 0 | LL11: 4066 | LM11: 3421.86 | LN11: 2559.44 | LO11: 11673.7 | LP11: 3391.9 | LQ11: 9258.282 | LR11: 680.52 | LS11: 3210 | LT11: 0 | LU11: 0 | LV11: 1718.42 | LW11: 8132 | LX11: 6687.5 | LY11: 9998.08 | LZ11: 0 | MA11: 11467.725 | MB11: 4506.84 | MC11: 577.8 | MD11: 0 | ME11: 0 | MF11: 4346.34 | MG11: 0 | MH11: 2782 | MI11: 0 | MJ11: 0 | MK11: 4684.032 | ML11: 73 | MM11: 0 | MN11: 3611.31 | MO11: 0 | MP11: 0 | MQ11: 0 | MR11: 0 | MS11: 3936.16 | MT11: 3569.7 | MU11: 376.607 | MV11: 3131.7 | MW11: 4197.5 | MX11: 1533 | MY11: 3131.7 | MZ11: 0 | NA11: 2331.912 | NB11: 0 | NC11: 0 | ND11: 2198.03 | NE11: 0 | NF11: 1460 | NG11: 0 | NH11: 0 | NI11: 0 | NJ11: 1631.55 | NK11: 0 | NL11: 2984.094 | NM11: 219 | NN11: 0 | NO11: 459.9 | NP11: 0 | NQ11: 488.37 | NR11: 0 | NS11: 0 | NT11: 0 | NU11: 2744.8 | NV11: 0 | NW11: 0 | NX11: 0 | NY11: 0 | NZ11: 1387 | OA11: 1167.27 | OB11: 960.388 | OC11: 3982.15 | OD11: 1041.345 | OE11: 2871.09 | OF11: 232.14 | OG11: 1368.75 | OH11: 0 | OI11: 0 | OJ11: 586.19 | OK11: 2774 | OL11: 2281.25 | OM11: 3069.504 | ON11: 0 | OO11: 2816.559 | OP11: 1537.38 | OQ11: 219 | OR11: 0 | OS11: 0 | OT11: 1482.63 | OU11: 0 | OV11: 949 | OW11: 0 | OX11: 0 | OY11: 1775.36 | OZ11: 276 | PA11: 0 | PB11: 13653.72 | PC11: 0 | PD11: 0 | PE11: 0 | PF11: 0 | PG11: 16370.112 | PH11: 13496.4 | PI11: 1294.44 | PJ11: 10764 | PK11: 15870 | PL11: 5796 | PM11: 10764 | PN11: 0 | PO11: 8015.04 | PP11: 0 | PQ11: 0 | PR11: 8310.36 | PS11: 0 | PT11: 6072 | PU11: 0 | PV11: 0 | PW11: 0 | PX11: 6168.6 | PY11: 0 | PZ11: 12535.92 | QA11: 828 | QB11: 0 | QC11: 2415 | QD11: 0 | QE11: 1846.44 | QF11: 0 | QG11: 0 | QH11: 0 | QI11: 11415.36 | QJ11: 0 | QK11: 0 | QL11: 0 | QM11: 0 | QN11: 5244 | QO11: 4854.564 | QP11: 3300.96 | QQ11: 15055.8 | QR11: 4812.06 | QS11: 11940.588 | QT11: 789.912 | QU11: 4140 | QV11: 0 | QW11: 0 | QX11: 2770.35 | QY11: 10488 | QZ11: 8625 | RA11: 12894.72 | RB11: 0 | RC11: 11832.12 | RD11: 5812.56 | RE11: 828 | RF11: 0 | RG11: 0 | RH11: 5605.56 | RI11: 0 | RJ11: 3588 | RK11: 0 | RL11: 0 | RM11: 7383.552 | RN11: 60 | RO11: 0 | RP11: 2968.2 | RQ11: 0 | RR11: 0 | RS11: 0 | RT11: 0 | RU11: 3235.2 | RV11: 2934 | RW11: 253.26 | RX11: 2106 | RY11: 3450 | RZ11: 1260 | SA11: 2340 | SB11: 0 | SC11: 1916.64 | SD11: 0 | SE11: 0 | SF11: 1806.6 | SG11: 0 | SH11: 1200 | SI11: 0 | SJ11: 0 | SK11: 0 | SL11: 1341 | SM11: 0 | SN11: 2725.2 | SO11: 180 | SP11: 0 | SQ11: 420 | SR11: 0 | SS11: 501.75 | ST11: 0 | SU11: 0 | SV11: 0 | SW11: 2256 | SX11: 0 | SY11: 0 | SZ11: 0 | TA11: 0 | TB11: 1140 | TC11: 959.4 | TD11: 717.6 | TE11: 3273 | TF11: 951 | TG11: 2949.75 | TH11: 209.88 | TI11: 900 | TJ11: 0 | TK11: 0 | TL11: 481.8 | TM11: 2280 | TN11: 1875 | TO11: 2803.2 | TP11: 0 | TQ11: 2572.2 | TR11: 1579.5 | TS11: 180 | TT11: 0 | TU11: 0 | TV11: 1218.6 | TW11: 0 | TX11: 780 | TY11: 0 | TZ11: 0 | UA11: 1459.2 | UB11: 292 | UC11: 0 | UD11: 14445.24 | UE11: 0 | UF11: 0 | UG11: 0 | UH11: 0 | UI11: 15744.64 | UJ11: 15706.68 | UK11: 1369.48 | UL11: 12526.8 | UM11: 16790 | UN11: 6132 | UO11: 11388 | UP11: 0 | UQ11: 10599.6 | UR11: 0 | US11: 0 | UT11: 8792.12 | UU11: 0 | UV11: 5840 | UW11: 0 | UX11: 0 | UY11: 0 | UZ11: 5873.58 | VA11: 0 | VB11: 13262.64 | VC11: 788.4 | VD11: 0 | VE11: 2044 | VF11: 0 | VG11: 1758.132 | VH11: 0 | VI11: 0 | VJ11: 0 | VK11: 10979.2 | VL11: 0 | VM11: 0 | VN11: 0 | VO11: 0 | VP11: 5548 | VQ11: 4669.08 | VR11: 3492.32 | VS11: 19910.75 | VT11: 4165.38 | VU11: 11484.36 | VV11: 928.56 | VW11: 4380 | VX11: 0 | VY11: 0 | VZ11: 2344.76 | WA11: 11096 | WB11: 9125 | WC11: 13642.24 | WD11: 0 | WE11: 15647.55 | WF11: 6149.52 | WG11: 876 | WH11: 0 | WI11: 0 | WJ11: 5930.52 | WK11: 0 | WL11: 3796 | WM11: 0 | WN11: 0 | WO11: 7101.44 | WP11: 157 | WQ11: 0 | WR11: 6990.111 | WS11: 0 | WT11: 0 | WU11: 0 | WV11: 0 | WW11: 8465.44 | WX11: 7677.3 | WY11: 736.33 | WZ11: 6123 | XA11: 9027.5 | XB11: 3297 | XC11: 6123 | XD11: 0 | XE11: 4559.28 | XF11: 0 | XG11: 0 | XH11: 4727.27 | XI11: 0 | XJ11: 3140 | XK11: 0 | XL11: 0 | XM11: 0 | XN11: 3508.95 | XO11: 0 | XP11: 7130.94 | XQ11: 471 | XR11: 0 | XS11: 1373.75 | XT11: 0 | XU11: 1050.33 | XV11: 0 | XW11: 0 | XX11: 0 | XY11: 5903.2 | XZ11: 0 | YA11: 0 | YB11: 0 | YC11: 0 | YD11: 2983 | YE11: 2510.43 | YF11: 1689.948 | YG11: 8564.35 | YH11: 2488.45 | YI11: 6174.81 | YJ11: 449.334 | YK11: 2355 | YL11: 0 | YM11: 0 | YN11: 1260.71 | YO11: 5966 | YP11: 4415.625 | YQ11: 7335.04 | YR11: 0 | YS11: 7403.649 | YT11: 2975.778 | YU11: 471 | YV11: 0 | YW11: 0 | YX11: 2869.803 | YY11: 0 | YZ11: 2245.1 | ZA11: 0 | ZB11: 0 | ZC11: 3818.24 | ZD11: 286 | ZE11: 0 | ZF11: 14148.42 | ZG11: 0 | ZH11: 0 | ZI11: 0 | ZJ11: 0 | ZK11: 15421.12 | ZL11: 15383.94 | ZM11: 1341.34 | ZN11: 11154 | ZO11: 16445 | ZP11: 6006 | ZQ11: 13942.5 | ZR11: 0 | ZS11: 8305.44 | ZT11: 0 | ZU11: 0 | ZV11: 8611.46 | ZW11: 0 | ZX11: 5148 | ZY11: 0 | ZZ11: 0 | AAA11: 0 | AAB11: 7031.31 | AAC11: 0 | AAD11: 11691.108 | AAE11: 772.2 | AAF11: 0 | AAG11: 2002 | AAH11: 0 | AAI11: 2104.674 | AAJ11: 0 | AAK11: 0 | AAL11: 0 | AAM11: 10753.6 | AAN11: 0 | AAO11: 0 | AAP11: 0 | AAQ11: 0 | AAR11: 5434 | AAS11: 4573.14 | AAT11: 4275.7 | AAU11: 15601.3 | AAV11: 4533.1 | AAW11: 11248.38 | AAX11: 909.48 | AAY11: 4290 | AAZ11: 0 | ABA11: 0 | ABB11: 2526.238 | ABC11: 10868 | ABD11: 8937.5 | ABE11: 13361.92 | ABF11: 0 | ABG11: 11034.738 | ABH11: 6023.16 | ABI11: 858 | ABJ11: 0 | ABK11: 0 | ABL11: 6389.526 | ABM11: 0 | ABN11: 3718 | ABO11: 0 | ABP11: 0 | ABQ11: 6955.52 | ABR11: 349 | ABS11: 0 | ABT11: 17265.03 | ABU11: 0 | ABV11: 0 | ABW11: 0 | ABX11: 0 | ABY11: 18818.08 | ABZ11: 17066.1 | ACA11: 1636.81 | ACB11: 13611 | ACC11: 22074.25 | ACD11: 7329 | ACE11: 13611 | ACF11: 0 | ACG11: 10134.96 | ACH11: 0 | ACI11: 0 | ACJ11: 11559.229 | ACK11: 0 | ACL11: 8725 | ACM11: 0 | ACN11: 0 | ACO11: 0 | ACP11: 7800.15 | ACQ11: 0 | ACR11: 15851.58 | ACS11: 1047 | ACT11: 0 | ACU11: 2443 | ACV11: 0 | ACW11: 2101.329 | ACX11: 0 | ACY11: 0 | ACZ11: 0 | ADA11: 13122.4 | ADB11: 0 | ADC11: 0 | ADD11: 0 | ADE11: 0 | ADF11: 7294.1 | ADG11: 5580.51 | ADH11: 4174.04 | ADI11: 19037.95 | ADJ11: 5531.65 | ADK11: 13726.17 | ADL11: 1109.82 | ADM11: 5235 | ADN11: 0 | ADO11: 0 | ADP11: 2802.47 | ADQ11: 14588.2 | ADR11: 10906.25 | ADS11: 16305.28 | ADT11: 0 | ADU11: 14961.63 | ADV11: 6614.946 | ADW11: 1047 | ADX11: 0 | ADY11: 0 | ADZ11: 7088.19 | AEA11: 0 | AEB11: 4537 | AEC11: 0 | AED11: 0 | AEE11: 8487.68 | AEF11: 92 | AEG11: 0 | AEH11: 4551.24 | AEI11: 0 | AEJ11: 0 | AEK11: 0 | AEL11: 0 | AEM11: 6200.8 | AEN11: 4498.8 | AEO11: 431.48 | AEP11: 3946.8 | AEQ11: 5819 | AER11: 2415 | AES11: 3588 | AET11: 0 | AEU11: 2671.68 | AEV11: 0 | AEW11: 0 | AEX11: 3462.65 | AEY11: 0 | AEZ11: 1656 | AFA11: 0 | AFB11: 0 | AFC11: 0 | AFD11: 2570.25 | AFE11: 0 | AFF11: 4178.64 | AFG11: 276 | AFH11: 0 | AFI11: 708.4 | AFJ11: 0 | AFK11: 615.48 | AFL11: 0 | AFM11: 0 | AFN11: 0 | AFO11: 3459.2 | AFP11: 0 | AFQ11: 0 | AFR11: 0 | AFS11: 0 | AFT11: 1748 | AFU11: 1471.08 | AFV11: 1100.32 | AFW11: 5520.46 | AFX11: 1822.75 | AFY11: 3618.36 | AFZ11: 263.304 | AGA11: 1380 | AGB11: 0 | AGC11: 0 | AGD11: 738.76 | AGE11: 3496 | AGF11: 2587.5 | AGG11: 3868.416 | AGH11: 0 | AGI11: 3944.04 | AGJ11: 2421.9 | AGK11: 276 | AGL11: 0 | AGM11: 0 | AGN11: 1868.52 | AGO11: 0 | AGP11: 1196 | AGQ11: 0 | AGR11: 0 | AGS11: 2461.184 | AGU11: =IF($P11>0,CH11*$K11,0) -> 0 | AGV11: =IF($P11>0,EV11*$K11,0) -> 0 | AGW11: =IF($P11>0,HJ11*$K11,0) -> 0 | AGX11: =IF($P11>0,JX11*$K11,0) -> 0 | AGY11: =IF($P11>0,ML11*$K11,0) -> 0 | AGZ11: =IF($P11>0,OZ11*$K11,0) -> 0 | AHA11: =IF($P11>0,RN11*$K11,0) -> 0 | AHB11: =IF($P11>0,UB11*$K11,0) -> 0 | AHC11: =IF($P11>0,WP11*$K11,0) -> 0 | AHD11: =IF($P11>0,ZD11*$K11,0) -> 0 | AHE11: =IF($P11>0,ABR11*$K11,0) -> 0 | AHF11: =IF($P11>0,AEF11*$K11,0) -> 0
F12: ASSY-005 | H12: CH-005 | I12: part 5 | K12: 1 | L12: SPEC-A | P12: 1 | R12: FMCNC2 | S12: BD | W12: 20 | Y12: 23 | AA12: 24 | AB12: 56.58 | AC12: 6.34 | AD12: 9 | AE12: 38.8 | AF12: 22.88 | AG12: 31.75 | AH12: 48.48 | AI12: 56.64 | AJ12: 55.64 | AO12: 15 | AR12: 34.36 | AS12: 11 | AU12: 43.77 | AW12: 45.69 | AX12: 8 | BD12: 23.96 | BG12: 59.18 | BO12: 22.55 | BS12: 55.41 | BT12: 6 | BU12: 23.29 | BW12: 40 | BZ12: 32 | CA12: 11 | CD12: 40 | CF12: 18 | CH12: 52 | CI12: 0 | CJ12: 0 | CK12: 1040 | CL12: 0 | CM12: 1076.4 | CN12: 0 | CO12: 1560 | CP12: 11033.1 | CQ12: 1236.3 | CR12: 3510 | CS12: 7566 | CT12: 8923.2 | CU12: 12382.5 | CV12: 18907.2 | CW12: 22089.6 | CX12: 2893.28 | CY12: 0 | CZ12: 0 | DA12: 0 | DB12: 0 | DC12: 780 | DD12: 0 | DE12: 0 | DF12: 1786.72 | DG12: 572 | DH12: 0 | DI12: 2276.04 | DJ12: 0 | DK12: 2375.88 | DL12: 457.6 | DM12: 0 | DN12: 0 | DO12: 0 | DP12: 0 | DQ12: 0 | DR12: 1245.92 | DS12: 0 | DT12: 0 | DU12: 3077.36 | DV12: 0 | DW12: 0 | DX12: 0 | DY12: 0 | DZ12: 0 | EA12: 0 | EB12: 0 | EC12: 1172.6 | ED12: 0 | EE12: 0 | EF12: 0 | EG12: 2881.32 | EH12: 390 | EI12: 1211.08 | EJ12: 0 | EK12: 2600 | EL12: 0 | EM12: 0 | EN12: 1664 | EO12: 572 | EP12: 0 | EQ12: 0 | ER12: 2600 | ES12: 0 | ET12: 936 | EU12: 0 | EV12: 297 | EW12: 0 | EX12: 0 | EY12: 5940 | EZ12: 0 | FA12: 8538.75 | FB12: 0 | FC12: 7128 | FD12: 63015.975 | FE12: 7061.175 | FF12: 20047.5 | FG12: 43213.5 | FH12: 50965.2 | FI12: 70723.125 | FJ12: 107989.2 | FK12: 126165.6 | FL12: 16525.08 | FM12: 0 | FN12: 0 | FO12: 0 | FP12: 0 | FQ12: 4455 | FR12: 0 | FS12: 0 | FT12: 10204.92 | FU12: 2940.3 | FV12: 0 | FW12: 12999.69 | FX12: 0 | FY12: 16962.412 | FZ12: 2613.6 | GA12: 0 | GB12: 0 | GC12: 0 | GD12: 0 | GE12: 0 | GF12: 7116.12 | GG12: 0 | GH12: 0 | GI12: 17576.46 | GJ12: 0 | GK12: 0 | GL12: 0 | GM12: 0 | GN12: 0 | GO12: 0 | GP12: 0 | GQ12: 6697.35 | GR12: 0 | GS12: 0 | GT12: 0 | GU12: 16456.77 | GV12: 1782 | GW12: 8646.4125 | GX12: 0 | GY12: 11880 | GZ12: 0 | HA12: 0 | HB12: 11880 | HC12: 3267 | HD12: 0 | HE12: 0 | HF12: 14850 | HG12: 0 | HH12: 5346 | HI12: 0 | HJ12: 292 | HK12: 0 | HL12: 0 | HM12: 6424 | HN12: 0 | HO12: 6716 | HP12: 0 | HQ12: 7008 | HR12: 61955.1 | HS12: 6942.3 | HT12: 19710 | HU12: 42486 | HV12: 50107.2 | HW12: 69532.5 | HX12: 106171.2 | HY12: 124041.6 | HZ12: 16246.88 | IA12: 0 | IB12: 0 | IC12: 0 | ID12: 0 | IE12: 4380 | IF12: 0 | IG12: 0 | IH12: 11036.432 | II12: 3212 | IJ12: 0 | IK12: 12780.84 | IL12: 0 | IM12: 13341.48 | IN12: 2920 | IO12: 0 | IP12: 0 | IQ12: 0 | IR12: 0 | IS12: 0 | IT12: 6296.688 | IU12: 0 | IV12: 0 | IW12: 17280.56 | IX12: 0 | IY12: 0 | IZ12: 0 | JA12: 0 | JB12: 0 | JC12: 0 | JD12: 0 | JE12: 6584.6 | JF12: 0 | JG12: 0 | JH12: 0 | JI12: 16179.72 | JJ12: 2190 | JK12: 6800.68 | JL12: 0 | JM12: 12848 | JN12: 0 | JO12: 0 | JP12: 11680 | JQ12: 3212 | JR12: 0 | JS12: 0 | JT12: 11680 | JU12: 0 | JV12: 5256 | JW12: 0 | JX12: 327 | JY12: 0 | JZ12: 0 | KA12: 8175 | KB12: 0 | KC12: 7521 | KD12: 0 | KE12: 9810 | KF12: 69381.225 | KG12: 7774.425 | KH12: 22072.5 | KI12: 47578.5 | KJ12: 56113.2 | KK12: 77866.875 | KL12: 118897.2 | KM12: 138909.6 | KN12: 20013.708 | KO12: 0 | KP12: 0 | KQ12: 0 | KR12: 0 | KS12: 4905 | KT12: 0 | KU12: 0 | KV12: 11235.72 | KW12: 3597 | KX12: 0 | KY12: 14312.79 | KZ12: 0 | LA12: 16434.693 | LB12: 2616 | LC12: 0 | LD12: 0 | LE12: 0 | LF12: 0 | LG12: 0 | LH12: 7834.92 | LI12: 0 | LJ12: 0 | LK12: 19351.86 | LL12: 0 | LM12: 0 | LN12: 0 | LO12: 0 | LP12: 0 | LQ12: 0 | LR12: 0 | LS12: 7373.85 | LT12: 0 | LU12: 0 | LV12: 0 | LW12: 18119.07 | LX12: 1962 | LY12: 7615.83 | LZ12: 0 | MA12: 16350 | MB12: 0 | MC12: 0 | MD12: 10464 | ME12: 3597 | MF12: 0 | MG12: 0 | MH12: 13080 | MI12: 0 | MJ12: 7357.5 | MK12: 0 | ML12: 96 | MM12: 0 | MN12: 0 | MO12: 2112 | MP12: 0 | MQ12: 2208 | MR12: 0 | MS12: 2304 | MT12: 20368.8 | MU12: 2282.4 | MV12: 6480 | MW12: 13968 | MX12: 16473.6 | MY12: 22860 | MZ12: 34905.6 | NA12: 40780.8 | NB12: 5341.44 | NC12: 0 | ND12: 0 | NE12: 0 | NF12: 0 | NG12: 1440 | NH12: 0 | NI12: 0 | NJ12: 3298.56 | NK12: 950.4 | NL12: 0 | NM12: 4201.92 | NN12: 0 | NO12: 3947.616 | NP12: 691.2 | NQ12: 0 | NR12: 0 | NS12: 0 | NT12: 0 | NU12: 0 | NV12: 2875.2 | NW12: 0 | NX12: 0 | NY12: 5681.28 | NZ12: 0 | OA12: 0 | OB12: 0 | OC12: 0 | OD12: 0 | OE12: 0 | OF12: 0 | OG12: 2706 | OH12: 0 | OI12: 0 | OJ12: 0 | OK12: 5319.36 | OL12: 576 | OM12: 2012.256 | ON12: 0 | OO12: 3456 | OP12: 0 | OQ12: 0 | OR12: 3072 | OS12: 1056 | OT12: 0 | OU12: 0 | OV12: 3840 | OW12: 0 | OX12: 1555.2 | OY12: 0 | OZ12: 190 | PA12: 0 | PB12: 0 | PC12: 3800 | PD12: 0 | PE12: 4807 | PF12: 0 | PG12: 5016 | PH12: 40313.25 | PI12: 4517.25 | PJ12: 12825 | PK12: 27645 | PL12: 32604 | PM12: 45243.75 | PN12: 69084 | PO12: 80712 | PP12: 10571.6 | PQ12: 0 | PR12: 0 | PS12: 0 | PT12: 0 | PU12: 2850 | PV12: 0 | PW12: 0 | PX12: 6528.4 | PY12: 2612.5 | PZ12: 0 | QA12: 8316.3 | QB12: 0 | QC12: 10851.375 | QD12: 1520 | QE12: 0 | QF12: 0 | QG12: 0 | QH12: 0 | QI12: 0 | QJ12: 4097.16 | QK12: 0 | QL12: 0 | QM12: 12368.62 | QN12: 0 | QO12: 0 | QP12: 0 | QQ12: 0 | QR12: 0 | QS12: 0 | QT12: 0 | QU12: 4284.5 | QV12: 0 | QW12: 0 | QX12: 0 | QY12: 10527.9 | QZ12: 1140 | RA12: 4425.1 | RB12: 0 | RC12: 7600 | RD12: 0 | RE12: 0 | RF12: 6080 | RG12: 1881 | RH12: 0 | RI12: 0 | RJ12: 7600 | RK12: 0 | RL12: 3420 | RM12: 0 | RN12: 49 | RO12: 0 | RP12: 0 | RQ12: 980 | RR12: 0 | RS12: 1127 | RT12: 0 | RU12: 1176 | RV12: 10396.575 | RW12: 1164.975 | RX12: 3307.5 | RY12: 7129.5 | RZ12: 8408.4 | SA12: 11668.125 | SB12: 17816.4 | SC12: 20815.2 | SD12: 2726.36 | SE12: 0 | SF12: 0 | SG12: 0 | SH12: 0 | SI12: 735 | SJ12: 0 | SK12: 0 | SL12: 1683.64 | SM12: 539 | SN12: 0 | SO12: 2144.73 | SP12: 0 | SQ12: 2238.81 | SR12: 392 | SS12: 0 | ST12: 0 | SU12: 0 | SV12: 0 | SW12: 0 | SX12: 1056.636 | SY12: 0 | SZ12: 0 | TA12: 2899.82 | TB12: 0 | TC12: 0 | TD12: 0 | TE12: 0 | TF12: 0 | TG12: 0 | TH12: 0 | TI12: 1104.95 | TJ12: 0 | TK12: 0 | TL12: 0 | TM12: 2715.09 | TN12: 294 | TO12: 1141.21 | TP12: 0 | TQ12: 1960 | TR12: 0 | TS12: 0 | TT12: 1411.2 | TU12: 539 | TV12: 0 | TW12: 0 | TX12: 1960 | TY12: 0 | TZ12: 882 | UA12: 0 | UB12: 280 | UC12: 0 | UD12: 0 | UE12: 6160 | UF12: 0 | UG12: 6440 | UH12: 0 | UI12: 6720 | UJ12: 59409 | UK12: 6657 | UL12: 18900 | UM12: 40740 | UN12: 48048 | UO12: 66675 | UP12: 101808 | UQ12: 118944 | UR12: 14021.28 | US12: 0 | UT12: 0 | UU12: 0 | UV12: 0 | UW12: 4620 | UX12: 0 | UY12: 0 | UZ12: 8658.72 | VA12: 3080 | VB12: 0 | VC12: 11030.04 | VD12: 0 | VE12: 12793.2 | VF12: 2240 | VG12: 0 | VH12: 0 | VI12: 0 | VJ12: 0 | VK12: 0 | VL12: 6708.8 | VM12: 0 | VN12: 0 | VO12: 14913.36 | VP12: 0 | VQ12: 0 | VR12: 0 | VS12: 0 | VT12: 0 | VU12: 0 | VV12: 0 | VW12: 6314 | VX12: 0 | VY12: 0 | VZ12: 0 | WA12: 15514.8 | WB12: 1680 | WC12: 6521.2 | WD12: 0 | WE12: 14000 | WF12: 0 | WG12: 0 | WH12: 11200 | WI12: 2772 | WJ12: 0 | WK12: 0 | WL12: 11200 | WM12: 0 | WN12: 5040 | WO12: 0 | WP12: 364 | WQ12: 0 | WR12: 0 | WS12: 7280 | WT12: 0 | WU12: 8372 | WV12: 0 | WW12: 8736 | WX12: 77231.7 | WY12: 8654.1 | WZ12: 24570 | XA12: 52962 | XB12: 62462.4 | XC12: 86677.5 | XD12: 132350.4 | XE12: 154627.2 | XF12: 20252.96 | XG12: 0 | XH12: 0 | XI12: 0 | XJ12: 0 | XK12: 6006 | XL12: 0 | XM12: 0 | XN12: 12507.04 | XO12: 4004 | XP12: 0 | XQ12: 15932.28 | XR12: 0 | XS12: 20788.95 | XT12: 2620.8 | XU12: 0 | XV12: 0 | XW12: 0 | XX12: 0 | XY12: 0 | XZ12: 8721.44 | YA12: 0 | YB12: 0 | YC12: 26926.9 | YD12: 0 | YE12: 0 | YF12: 0 | YG12: 0 | YH12: 0 | YI12: 0 | YJ12: 0 | YK12: 8208.2 | YL12: 0 | YM12: 0 | YN12: 0 | YO12: 20169.24 | YP12: 1965.6 | YQ12: 8477.56 | YR12: 0 | YS12: 16016 | YT12: 0 | YU12: 0 | YV12: 11648 | YW12: 4004 | YX12: 0 | YY12: 0 | YZ12: 16016 | ZA12: 0 | ZB12: 6552 | ZC12: 0 | ZD12: 32 | ZE12: 0 | ZF12: 0 | ZG12: 640 | ZH12: 0 | ZI12: 662.4 | ZJ12: 0 | ZK12: 768 | ZL12: 6789.6 | ZM12: 760.8 | ZN12: 2160 | ZO12: 4656 | ZP12: 5491.2 | ZQ12: 7620 | ZR12: 11635.2 | ZS12: 13593.6 | ZT12: 1602.432 | ZU12: 0 | ZV12: 0 | ZW12: 0 | ZX12: 0 | ZY12: 480 | ZZ12: 0 | AAA12: 0 | AAB12: 1209.472 | AAC12: 440 | AAD12: 0 | AAE12: 1260.576 | AAF12: 0 | AAG12: 1462.08 | AAH12: 256 | AAI12: 0 | AAJ12: 0 | AAK12: 0 | AAL12: 0 | AAM12: 0 | AAN12: 766.72 | AAO12: 0 | AAP12: 0 | AAQ12: 1893.76 | AAR12: 0 | AAS12: 0 | AAT12: 0 | AAU12: 0 | AAV12: 0 | AAW12: 0 | AAX12: 0 | AAY12: 721.6 | AAZ12: 0 | ABA12: 0 | ABB12: 0 | ABC12: 1773.12 | ABD12: 192 | ABE12: 745.28 | ABF12: 0 | ABG12: 1152 | ABH12: 0 | ABI12: 0 | ABJ12: 921.6 | ABK12: 352 | ABL12: 0 | ABM12: 0 | ABN12: 1280 | ABO12: 0 | ABP12: 576 | ABQ12: 0 | ABR12: 288 | ABS12: 0 | ABT12: 0 | ABU12: 5184 | ABV12: 0 | ABW12: 7286.4 | ABX12: 0 | ABY12: 6912 | ABZ12: 61106.4 | ACA12: 6847.2 | ACB12: 19440 | ACC12: 41904 | ACD12: 49420.8 | ACE12: 68580 | ACF12: 104716.8 | ACG12: 122342.4 | ACH12: 16024.32 | ACI12: 0 | ACJ12: 0 | ACK12: 0 | ACL12: 0 | ACM12: 4320 | ACN12: 0 | ACO12: 0 | ACP12: 9895.68 | ACQ12: 3168 | ACR12: 0 | ACS12: 12605.76 | ACT12: 0 | ACU12: 13158.72 | ACV12: 2304 | ACW12: 0 | ACX12: 0 | ACY12: 0 | ACZ12: 0 | ADA12: 0 | ADB12: 6900.48 | ADC12: 0 | ADD12: 0 | ADE12: 21304.8 | ADF12: 0 | ADG12: 0 | ADH12: 0 | ADI12: 0 | ADJ12: 0 | ADK12: 0 | ADL12: 0 | ADM12: 6494.4 | ADN12: 0 | ADO12: 0 | ADP12: 0 | ADQ12: 17553.888 | ADR12: 1728 | ADS12: 6707.52 | ADT12: 0 | ADU12: 11520 | ADV12: 0 | ADW12: 0 | ADX12: 9216 | ADY12: 3484.8 | ADZ12: 0 | AEA12: 0 | AEB12: 11520 | AEC12: 0 | AED12: 6480 | AEE12: 0 | AEF12: =#N/A -> #N/A | AEG12: =#N/A -> #N/A | AEH12: =#N/A -> #N/A | AEI12: =#N/A -> #N/A | AEJ12: =#N/A -> #N/A | AEK12: =#N/A -> #N/A | AEL12: =#N/A -> #N/A | AEM12: =#N/A -> #N/A | ... AGS12: =#N/A -> #N/A | AGU12: =IF($P12>0,CH12*$K12,0) -> 52 | AGV12: =IF($P12>0,EV12*$K12,0) -> 297 | AGW12: =IF($P12>0,HJ12*$K12,0) -> 292 | AGX12: =IF($P12>0,JX12*$K12,0) -> 327 | AGY12: =IF($P12>0,ML12*$K12,0) -> 96 | AGZ12: =IF($P12>0,OZ12*$K12,0) -> 190 | AHA12: =IF($P12>0,RN12*$K12,0) -> 49 | AHB12: =IF($P12>0,UB12*$K12,0) -> 280 | AHC12: =IF($P12>0,WP12*$K12,0) -> 364 | AHD12: =IF($P12>0,ZD12*$K12,0) -> 32 | AHE12: =IF($P12>0,ABR12*$K12,0) -> 288 | AHF12: =IF($P12>0,AEF12*$K12,0) -> #N/A
F13: ASSY-015 | H13: CH-006 | I13: part 6 | K13: 1 | L13: 9.52 | P13: 2 | R13: 0 | S13: HAND | W13: 30.85 | X13: 11.74 | Y13: 21 | AA13: 8 | AB13: 29 | AC13: 7 | AD13: 51.54 | AE13: 22.77 | AF13: 5.8 | AG13: 57.52 | AH13: 19.29 | AM13: 37.91 | AP13: 37.14 | AQ13: 34.46 | AR13: 32.51 | AT13: 22.61 | AV13: 48.29 | AY13: 40.26 | AZ13: 1 | BA13: 23 | BG13: 4.63 | BH13: 10.39 | BJ13: 39.75 | BK13: 31.58 | BQ13: 59.65 | BX13: 11.35 | BZ13: 8.27 | CD13: 38.52 | CH13: 77 | CI13: 0 | CJ13: 0 | CK13: 2375.45 | CL13: 903.98 | CM13: 1455.3 | CN13: 0 | CO13: 770 | CP13: 2233 | CQ13: 592.9 | CR13: 3968.58 | CS13: 1753.29 | CT13: 558.25 | CU13: 3986.136 | CV13: 1485.33 | CW13: 0 | CX13: 693 | CY13: 0 | CZ13: 0 | DA13: 2919.07 | DB13: 0 | DC13: 0 | DD13: 2859.78 | DE13: 2653.42 | DF13: 2503.27 | DG13: 0 | DH13: 1740.97 | DI13: 0 | DJ13: 4647.9125 | DK13: 0 | DL13: 0 | DM13: 3100.02 | DN13: 77 | DO13: 1948.1 | DP13: 0 | DQ13: 0 | DR13: 0 | DS13: 0 | DT13: 0 | DU13: 356.51 | DV13: 800.03 | DW13: 0 | DX13: 3060.75 | DY13: 2431.66 | DZ13: 0 | EA13: 0 | EB13: 0 | EC13: 0 | ED13: 0 | EE13: 4593.05 | EF13: 0 | EG13: 0 | EH13: 0 | EI13: 0 | EJ13: 0 | EK13: 0 | EL13: 873.95 | EM13: 0 | EN13: 636.79 | EO13: 0 | EP13: 0 | EQ13: 0 | ER13: 3707.55 | ES13: 0 | ET13: 0 | EU13: 0 | EV13: 118 | EW13: 0 | EX13: 0 | EY13: 3640.3 | EZ13: 1385.32 | FA13: 3097.5 | FB13: 0 | FC13: 944 | FD13: 3422 | FE13: 743.4 | FF13: 6081.72 | FG13: 2686.86 | FH13: 684.4 | FI13: 6787.36 | FJ13: 2845.275 | FK13: 0 | FL13: 1062 | FM13: 0 | FN13: 0 | FO13: 4026.042 | FP13: 0 | FQ13: 0 | FR13: 4382.52 | FS13: 5082.85 | FT13: 3836.18 | FU13: 0 | FV13: 2667.98 | FW13: 0 | FX13: 5128.398 | FY13: 0 | FZ13: 0 | GA13: 5225.748 | GB13: 118 | GC13: 2714 | GD13: 0 | GE13: 0 | GF13: 0 | GG13: 0 | GH13: 0 | GI13: 546.34 | GJ13: 1226.02 | GK13: 0 | GL13: 4690.5 | GM13: 3726.44 | GN13: 0 | GO13: 0 | GP13: 0 | GQ13: 0 | GR13: 0 | GS13: 8798.375 | GT13: 0 | GU13: 0 | GV13: 0 | GW13: 0 | GX13: 0 | GY13: 0 | GZ13: 1339.3 | HA13: 0 | HB13: 1219.825 | HC13: 0 | HD13: 0 | HE13: 0 | HF13: 5681.7 | HG13: 0 | HH13: 0 | HI13: 0 | HJ13: 337 | HK13: 0 | HL13: 0 | HM13: 11436.095 | HN13: 3956.38 | HO13: 7077 | HP13: 0 | HQ13: 2696 | HR13: 10750.3 | HS13: 2359 | HT13: 15632.082 | HU13: 8440.839 | HV13: 1954.6 | HW13: 24230.3 | HX13: 7150.803 | HY13: 0 | HZ13: 3033 | IA13: 0 | IB13: 0 | IC13: 12775.67 | ID13: 0 | IE13: 0 | IF13: 12516.18 | IG13: 14516.275 | IH13: 12051.457 | II13: 0 | IJ13: 7619.57 | IK13: 0 | IL13: 16273.73 | IM13: 0 | IN13: 0 | IO13: 13567.62 | IP13: 337 | IQ13: 7751 | IR13: 0 | IS13: 0 | IT13: 0 | IU13: 0 | IV13: 0 | IW13: 1560.31 | IX13: 3501.43 | IY13: 0 | IZ13: 13395.75 | JA13: 10642.46 | JB13: 0 | JC13: 0 | JD13: 0 | JE13: 0 | JF13: 0 | JG13: 20102.05 | JH13: 0 | JI13: 0 | JJ13: 0 | JK13: 0 | JL13: 0 | JM13: 0 | JN13: 3824.95 | JO13: 0 | JP13: 3483.7375 | JQ13: 0 | JR13: 0 | JS13: 0 | JT13: 12981.24 | JU13: 0 | JV13: 0 | JW13: 0 | JX13: 119 | JY13: 0 | JZ13: 0 | KA13: 4588.9375 | KB13: 1746.325 | KC13: 2499 | KD13: 0 | KE13: 1190 | KF13: 3451 | KG13: 749.7 | KH13: 6746.586 | KI13: 2438.667 | KJ13: 690.2 | KK13: 6844.88 | KL13: 2295.51 | KM13: 0 | KN13: 1071 | KO13: 0 | KP13: 0 | KQ13: 4511.29 | KR13: 0 | KS13: 0 | KT13: 4419.66 | KU13: 4100.74 | KV13: 3868.69 | KW13: 0 | KX13: 3363.2375 | KY13: 0 | KZ13: 5746.51 | LA13: 0 | LB13: 0 | LC13: 4790.94 | LD13: 119 | LE13: 3010.7 | LF13: 0 | LG13: 0 | LH13: 0 | LI13: 0 | LJ13: 0 | LK13: 550.97 | LL13: 1236.41 | LM13: 0 | LN13: 4730.25 | LO13: 3758.02 | LP13: 0 | LQ13: 0 | LR13: 0 | LS13: 0 | LT13: 0 | LU13: 7098.35 | LV13: 0 | LW13: 0 | LX13: 0 | LY13: 0 | LZ13: 0 | MA13: 0 | MB13: 1350.65 | MC13: 0 | MD13: 984.13 | ME13: 0 | MF13: 0 | MG13: 0 | MH13: 4583.88 | MI13: 0 | MJ13: 0 | MK13: 0 | ML13: 6 | MM13: 0 | MN13: 0 | MO13: 203.61 | MP13: 70.44 | MQ13: 126 | MR13: 0 | MS13: 48 | MT13: 174 | MU13: 46.2 | MV13: 340.164 | MW13: 136.62 | MX13: 34.8 | MY13: 379.632 | MZ13: 104.166 | NA13: 0 | NB13: 54 | NC13: 0 | ND13: 0 | NE13: 227.46 | NF13: 0 | NG13: 0 | NH13: 222.84 | NI13: 206.76 | NJ13: 195.06 | NK13: 0 | NL13: 122.094 | NM13: 0 | NN13: 289.74 | NO13: 0 | NP13: 0 | NQ13: 241.56 | NR13: 6 | NS13: 138 | NT13: 0 | NU13: 0 | NV13: 0 | NW13: 0 | NX13: 0 | NY13: 27.78 | NZ13: 62.34 | OA13: 0 | OB13: 262.35 | OC13: 189.48 | OD13: 0 | OE13: 0 | OF13: 0 | OG13: 0 | OH13: 0 | OI13: 393.69 | OJ13: 0 | OK13: 0 | OL13: 0 | OM13: 0 | ON13: 0 | OO13: 0 | OP13: 68.1 | OQ13: 0 | OR13: 49.62 | OS13: 0 | OT13: 0 | OU13: 0 | OV13: 231.12 | OW13: 0 | OX13: 0 | OY13: 0 | OZ13: 248 | PA13: 0 | PB13: 0 | PC13: 7650.8 | PD13: 2911.52 | PE13: 5728.8 | PF13: 0 | PG13: 2182.4 | PH13: 7192 | PI13: 1736 | PJ13: 12781.92 | PK13: 5646.96 | PL13: 1438.4 | PM13: 14264.96 | PN13: 4305.528 | PO13: 0 | PP13: 2232 | PQ13: 0 | PR13: 0 | PS13: 9401.68 | PT13: 0 | PU13: 0 | PV13: 11513.4 | PW13: 8546.08 | PX13: 8062.48 | PY13: 0 | PZ13: 5607.28 | QA13: 0 | QB13: 11975.92 | QC13: 0 | QD13: 0 | QE13: 9984.48 | QF13: 223.2 | QG13: 5704 | QH13: 0 | QI13: 0 | QJ13: 0 | QK13: 0 | QL13: 0 | QM13: 1263.064 | QN13: 2576.72 | QO13: 0 | QP13: 9858 | QQ13: 7831.84 | QR13: 0 | QS13: 0 | QT13: 0 | QU13: 0 | QV13: 0 | QW13: 14793.2 | QX13: 0 | QY13: 0 | QZ13: 0 | RA13: 0 | RB13: 0 | RC13: 0 | RD13: 2814.8 | RE13: 0 | RF13: 2050.96 | RG13: 0 | RH13: 0 | RI13: 0 | RJ13: 9552.96 | RK13: 0 | RL13: 0 | RM13: 0 | RN13: 301 | RO13: 0 | RP13: 0 | RQ13: 9285.85 | RR13: 3180.366 | RS13: 6321 | RT13: 0 | RU13: 2408 | RV13: 8729 | RW13: 1896.3 | RX13: 13962.186 | RY13: 6853.77 | RZ13: 1745.8 | SA13: 17313.52 | SB13: 5806.29 | SC13: 0 | SD13: 2709 | SE13: 0 | SF13: 0 | SG13: 11410.91 | SH13: 0 | SI13: 0 | SJ13: 11179.14 | SK13: 10372.46 | SL13: 9785.51 | SM13: 0 | SN13: 6805.61 | SO13: 0 | SP13: 14535.29 | SQ13: 0 | SR13: 0 | SS13: 15147.825 | ST13: 301 | SU13: 6923 | SV13: 0 | SW13: 0 | SX13: 0 | SY13: 0 | SZ13: 0 | TA13: 1393.63 | TB13: 3127.39 | TC13: 0 | TD13: 11964.75 | TE13: 9505.58 | TF13: 0 | TG13: 0 | TH13: 0 | TI13: 0 | TJ13: 0 | TK13: 22443.312 | TL13: 0 | TM13: 0 | TN13: 0 | TO13: 0 | TP13: 0 | TQ13: 0 | TR13: 4270.4375 | TS13: 0 | TT13: 2240.343 | TU13: 0 | TV13: 0 | TW13: 0 | TX13: 11594.52 | TY13: 0 | TZ13: 0 | UA13: 0 | UB13: 93 | UC13: 0 | UD13: 0 | UE13: 3155.955 | UF13: 1091.82 | UG13: 1953 | UH13: 0 | UI13: 744 | UJ13: 2966.7 | UK13: 651 | UL13: 5272.542 | UM13: 2117.61 | UN13: 539.4 | UO13: 5349.36 | UP13: 1793.97 | UQ13: 0 | UR13: 837 | US13: 0 | UT13: 0 | UU13: 3525.63 | UV13: 0 | UW13: 0 | UX13: 3108.618 | UY13: 3204.78 | UZ13: 2721.087 | VA13: 0 | VB13: 2102.73 | VC13: 0 | VD13: 4490.97 | VE13: 0 | VF13: 0 | VG13: 3369.762 | VH13: 93 | VI13: 2139 | VJ13: 0 | VK13: 0 | VL13: 0 | VM13: 0 | VN13: 0 | VO13: 387.531 | VP13: 966.27 | VQ13: 0 | VR13: 3696.75 | VS13: 3671.175 | VT13: 0 | VU13: 0 | VV13: 0 | VW13: 0 | VX13: 0 | VY13: 5547.45 | VZ13: 0 | WA13: 0 | WB13: 0 | WC13: 0 | WD13: 0 | WE13: 0 | WF13: 1055.55 | WG13: 0 | WH13: 961.3875 | WI13: 0 | WJ13: 0 | WK13: 0 | WL13: 3582.36 | WM13: 0 | WN13: 0 | WO13: 0 | WP13: 134 | WQ13: 0 | WR13: 0 | WS13: 4133.9 | WT13: 1573.16 | WU13: 2814 | WV13: 0 | WW13: 1072 | WX13: 3886 | WY13: 938 | WZ13: 6906.36 | XA13: 3051.18 | XB13: 777.2 | XC13: 7707.68 | XD13: 2584.86 | XE13: 0 | XF13: 1206 | XG13: 0 | XH13: 0 | XI13: 6349.925 | XJ13: 0 | XK13: 0 | XL13: 4976.76 | XM13: 4617.64 | XN13: 4356.34 | XO13: 0 | XP13: 3029.74 | XQ13: 0 | XR13: 6470.86 | XS13: 0 | XT13: 0 | XU13: 5394.84 | XV13: 120.6 | XW13: 3082 | XX13: 0 | XY13: 0 | XZ13: 0 | YA13: 0 | YB13: 0 | YC13: 775.525 | YD13: 1392.26 | YE13: 0 | YF13: 4793.85 | YG13: 4231.72 | YH13: 0 | YI13: 0 | YJ13: 0 | YK13: 0 | YL13: 0 | YM13: 7193.79 | YN13: 0 | YO13: 0 | YP13: 0 | YQ13: 0 | YR13: 0 | YS13: 0 | YT13: 1368.81 | YU13: 0 | YV13: 1108.18 | YW13: 0 | YX13: 0 | YY13: 0 | YZ13: 5677.848 | ZA13: 0 | ZB13: 0 | ZC13: 0 | ZD13: 144 | ZE13: 0 | ZF13: 0 | ZG13: 4442.4 | ZH13: 1690.56 | ZI13: 2721.6 | ZJ13: 0 | ZK13: 1152 | ZL13: 4593.6 | ZM13: 1008 | ZN13: 7421.76 | ZO13: 3278.88 | ZP13: 835.2 | ZQ13: 10353.6 | ZR13: 2777.76 | ZS13: 0 | ZT13: 1296 | ZU13: 0 | ZV13: 0 | ZW13: 5459.04 | ZX13: 0 | ZY13: 0 | ZZ13: 4813.344 | AAA13: 4962.24 | AAB13: 5149.584 | AAC13: 0 | AAD13: 2930.256 | AAE13: 0 | AAF13: 8692.2 | AAG13: 0 | AAH13: 0 | AAI13: 6377.184 | AAJ13: 180 | AAK13: 3312 | AAL13: 0 | AAM13: 0 | AAN13: 0 | AAO13: 0 | AAP13: 0 | AAQ13: 666.72 | AAR13: 1496.16 | AAS13: 0 | AAT13: 7155 | AAU13: 4547.52 | AAV13: 0 | AAW13: 0 | AAX13: 0 | AAY13: 0 | AAZ13: 0 | ABA13: 8589.6 | ABB13: 0 | ABC13: 0 | ABD13: 0 | ABE13: 0 | ABF13: 0 | ABG13: 0 | ABH13: 1634.4 | ABI13: 0 | ABJ13: 1071.792 | ABK13: 0 | ABL13: 0 | ABM13: 0 | ABN13: 5546.88 | ABO13: 0 | ABP13: 0 | ABQ13: 0 | ABR13: 2 | ABS13: 0 | ABT13: 0 | ABU13: 55.53 | ABV13: 23.48 | ABW13: 46.2 | ABX13: 0 | ABY13: 16 | ABZ13: 58 | ACA13: 14 | ACB13: 103.08 | ACC13: 50.094 | ACD13: 11.6 | ACE13: 115.04 | ACF13: 48.225 | ACG13: 0 | ACH13: 18 | ACI13: 0 | ACJ13: 0 | ACK13: 83.402 | ACL13: 0 | ACM13: 0 | ACN13: 92.85 | ACO13: 68.92 | ACP13: 65.02 | ACQ13: 0 | ACR13: 45.22 | ACS13: 0 | ACT13: 96.58 | ACU13: 0 | ACV13: 0 | ACW13: 72.468 | ACX13: 2.2 | ACY13: 41.4 | ACZ13: 0 | ADA13: 0 | ADB13: 0 | ADC13: 0 | ADD13: 0 | ADE13: 11.575 | ADF13: 22.858 | ADG13: 0 | ADH13: 79.5 | ADI13: 63.16 | ADJ13: 0 | ADK13: 0 | ADL13: 0 | ADM13: 0 | ADN13: 0 | ADO13: 119.3 | ADP13: 0 | ADQ13: 0 | ADR13: 0 | ADS13: 0 | ADT13: 0 | ADU13: 0 | ADV13: 20.43 | ADW13: 0 | ADX13: 16.54 | ADY13: 0 | ADZ13: 0 | AEA13: 0 | AEB13: 77.04 | AEC13: 0 | AED13: 0 | AEE13: 0 | AEF13: 74 | AEG13: 0 | AEH13: 0 | AEI13: 2511.19 | AEJ13: 781.884 | AEK13: 1554 | AEL13: 0 | AEM13: 740 | AEN13: 2146 | AEO13: 518 | AEP13: 4195.356 | AEQ13: 1853.478 | AER13: 536.5 | AES13: 4256.48 | AET13: 1427.46 | AEU13: 0 | AEV13: 666 | AEW13: 0 | AEX13: 0 | AEY13: 2805.34 | AEZ13: 0 | AFA13: 0 | AFB13: 3023.196 | AFC13: 2550.04 | AFD13: 3007.175 | AFE13: 0 | AFF13: 1673.14 | AFG13: 0 | AFH13: 3573.46 | AFI13: 0 | AFJ13: 0 | AFK13: 2979.24 | AFL13: 74 | AFM13: 1702 | AFN13: 0 | AFO13: 0 | AFP13: 0 | AFQ13: 0 | AFR13: 0 | AFS13: 342.62 | AFT13: 768.86 | AFU13: 0 | AFV13: 2941.5 | AFW13: 2570.612 | AFX13: 0 | AFY13: 0 | AFZ13: 0 | AGA13: 0 | AGB13: 0 | AGC13: 4414.1 | AGD13: 0 | AGE13: 0 | AGF13: 0 | AGG13: 0 | AGH13: 0 | AGI13: 0 | AGJ13: 1049.875 | AGK13: 0 | AGL13: 673.178 | AGM13: 0 | AGN13: 0 | AGO13: 0 | AGP13: 2850.48 | AGQ13: 0 | AGR13: 0 | AGS13: 0 | AGU13: =IF($P13>0,CH13*$K13,0) -> 77 | AGV13: =IF($P13>0,EV13*$K13,0) -> 118 | AGW13: =IF($P13>0,HJ13*$K13,0) -> 337 | AGX13: =IF($P13>0,JX13*$K13,0) -> 119 | AGY13: =IF($P13>0,ML13*$K13,0) -> 6 | AGZ13: =IF($P13>0,OZ13*$K13,0) -> 248 | AHA13: =IF($P13>0,RN13*$K13,0) -> 301 | AHB13: =IF($P13>0,UB13*$K13,0) -> 93 | AHC13: =IF($P13>0,WP13*$K13,0) -> 134 | AHD13: =IF($P13>0,ZD13*$K13,0) -> 144 | AHE13: =IF($P13>0,ABR13*$K13,0) -> 2 | AHF13: =IF($P13>0,AEF13*$K13,0) -> 74
F14: ASSY-009 | H14: CH-007 | I14: part 7 | K14: 2 | L14: 12.7 | P14: 1 | R14: FMCNC1 | S14: BD | U14: 11.02 | X14: 54.98 | Y14: 36.47 | AC14: 32.31 | AD14: 57.39 | AE14: 14 | AF14: 11.12 | AG14: 37.7 | AH14: 2 | AI14: 38.97 | AJ14: 3.75 | AM14: 35 | AO14: 25 | AP14: 7.61 | AQ14: 6 | AT14: 6.77 | AV14: 26 | AW14: 17.67 | AZ14: 33 | BB14: 27 | BC14: 6.8 | BE14: 43.15 | BH14: abc | BI14: 4 | BJ14: 30 | BL14: 21.48 | BN14: 19 | BQ14: 56.38 | BV14: 6.61 | CC14: 33.15 | CD14: 15 | CF14: 41.66 | CH14: 250 | CI14: 2755 | CJ14: 0 | CK14: 0 | CL14: 13745 | CM14: 8205.75 | CN14: 0 | CO14: 0 | CP14: 0 | CQ14: 56542.5 | CR14: 100432.5 | CS14: 24500 | CT14: 19460 | CU14: 65975 | CV14: 3500 | CW14: 68197.5 | CX14: 937.5 | CY14: 0 | CZ14: 0 | DA14: 8750 | DB14: 0 | DC14: 6250 | DD14: 1902.5 | DE14: 1500 | DF14: 0 | DG14: 0 | DH14: 1692.5 | DI14: 0 | DJ14: 8125 | DK14: 4417.5 | DL14: 0 | DM14: 0 | DN14: 8250 | DO14: 0 | DP14: 6750 | DQ14: 1700 | DR14: 0 | DS14: 10787.5 | DT14: 0 | DU14: 0 | DV14: =#VALUE! -> #VALUE! | DW14: 1000 | DX14: 7500 | DY14: 0 | DZ14: 5370 | EA14: 0 | EB14: 4750 | EC14: 0 | ED14: 0 | EE14: 14095 | EF14: 0 | EG14: 0 | EH14: 0 | EI14: 0 | EJ14: 1652.5 | EK14: 0 | EL14: 0 | EM14: 0 | EN14: 0 | EO14: 0 | EP14: 0 | EQ14: 8287.5 | ER14: 4687.5 | ES14: 0 | ET14: 10415 | EU14: 0 | EV14: 215 | EW14: 2369.3 | EX14: 0 | EY14: 0 | EZ14: 11820.7 | FA14: 9801.3125 | FB14: 0 | FC14: 0 | FD14: 0 | FE14: 48626.55 | FF14: 86371.95 | FG14: 21070 | FH14: 16735.6 | FI14: 56738.5 | FJ14: 3010 | FK14: 58649.85 | FL14: 806.25 | FM14: 0 | FN14: 0 | FO14: 6772.5 | FP14: 0 | FQ14: 5375 | FR14: 1636.15 | FS14: 1612.5 | FT14: 0 | FU14: 0 | FV14: 1455.55 | FW14: 0 | FX14: 5031 | FY14: 4748.8125 | FZ14: 0 | GA14: 0 | GB14: 7095 | GC14: 0 | GD14: 5805 | GE14: 1462 | GF14: 0 | GG14: 9277.25 | GH14: 0 | GI14: 0 | GJ14: =#VALUE! -> #VALUE! | GK14: 860 | GL14: 6450 | GM14: 0 | GN14: 5772.75 | GO14: 0 | GP14: 4493.5 | GQ14: 0 | GR14: 0 | GS14: 15152.125 | GT14: 0 | GU14: 0 | GV14: 0 | GW14: 0 | GX14: 1563.265 | GY14: 0 | GZ14: 0 | HA14: 0 | HB14: 0 | HC14: 0 | HD14: 0 | HE14: 7127.25 | HF14: 4031.25 | HG14: 0 | HH14: 8956.9 | HI14: 0 | HJ14: 20 | HK14: 242.44 | HL14: 0 | HM14: 0 | HN14: 1099.6 | HO14: 729.4 | HP14: 0 | HQ14: 0 | HR14: 0 | HS14: 4523.4 | HT14: 8034.6 | HU14: 1960 | HV14: 1556.8 | HW14: 5278 | HX14: 280 | HY14: 5455.8 | HZ14: 75 | IA14: 0 | IB14: 0 | IC14: 700 | ID14: 0 | IE14: 500 | IF14: 152.2 | IG14: 150 | IH14: 0 | II14: 0 | IJ14: 135.4 | IK14: 0 | IL14: 520 | IM14: 353.4 | IN14: 0 | IO14: 0 | IP14: 660 | IQ14: 0 | IR14: 675 | IS14: 122.4 | IT14: 0 | IU14: 949.3 | IV14: 0 | IW14: 0 | IX14: =#VALUE! -> #VALUE! | IY14: 80 | IZ14: 600 | JA14: 0 | JB14: 537 | JC14: 0 | JD14: 418 | JE14: 0 | JF14: 0 | JG14: 1127.6 | JH14: 0 | JI14: 0 | JJ14: 0 | JK14: 0 | JL14: 132.2 | JM14: 0 | JN14: 0 | JO14: 0 | JP14: 0 | JQ14: 0 | JR14: 0 | JS14: 663 | JT14: 300 | JU14: 0 | JV14: 833.2 | JW14: 0 | JX14: 342 | JY14: 3768.84 | JZ14: 0 | KA14: 0 | KB14: 23503.95 | KC14: 12472.74 | KD14: 0 | KE14: 0 | KF14: 0 | KG14: 77350.14 | KH14: 137391.66 | KI14: 33516 | KJ14: 26621.28 | KK14: 90253.8 | KL14: 4788 | KM14: 93294.18 | KN14: 1410.75 | KO14: 0 | KP14: 0 | KQ14: 11970 | KR14: 0 | KS14: 8550 | KT14: 2602.62 | KU14: 2052 | KV14: 0 | KW14: 0 | KX14: 2894.175 | KY14: 0 | KZ14: 8892 | LA14: 6647.454 | LB14: 0 | LC14: 0 | LD14: 11286 | LE14: 0 | LF14: 9234 | LG14: 2325.6 | LH14: 0 | LI14: 14757.3 | LJ14: 0 | LK14: 0 | LL14: =#VALUE! -> #VALUE! | LM14: 1368 | LN14: 10260 | LO14: 0 | LP14: 7346.16 | LQ14: 0 | LR14: 6498 | LS14: 0 | LT14: 0 | LU14: 19281.96 | LV14: 0 | LW14: 0 | LX14: 0 | LY14: 0 | LZ14: 2034.558 | MA14: 0 | MB14: 0 | MC14: 0 | MD14: 0 | ME14: 0 | MF14: 0 | MG14: 11337.3 | MH14: 5130 | MI14: 0 | MJ14: 17809.65 | MK14: 0 | ML14: 39 | MM14: 386.802 | MN14: 0 | MO14: 0 | MP14: 2144.22 | MQ14: 1422.33 | MR14: 0 | MS14: 0 | MT14: 0 | MU14: 8820.63 | MV14: 15667.47 | MW14: 3822 | MX14: 3035.76 | MY14: 10292.1 | MZ14: 546 | NA14: 10638.81 | NB14: 146.25 | NC14: 0 | ND14: 0 | NE14: 1365 | NF14: 0 | NG14: 975 | NH14: 296.79 | NI14: 234 | NJ14: 0 | NK14: 0 | NL14: 237.627 | NM14: 0 | NN14: 1014 | NO14: 620.217 | NP14: 0 | NQ14: 0 | NR14: 1287 | NS14: 0 | NT14: 947.7 | NU14: 265.2 | NV14: 0 | NW14: 2103.5625 | NX14: 0 | NY14: 0 | NZ14: =#VALUE! -> #VALUE! | OA14: 156 | OB14: 1287 | OC14: 0 | OD14: 753.948 | OE14: 0 | OF14: 741 | OG14: 0 | OH14: 0 | OI14: 2418.702 | OJ14: 0 | OK14: 0 | OL14: 0 | OM14: 0 | ON14: 257.79 | OO14: 0 | OP14: 0 | OQ14: 0 | OR14: 0 | OS14: 0 | OT14: 0 | OU14: 1292.85 | OV14: 585 | OW14: 0 | OX14: 1462.266 | OY14: 0 | OZ14: 391 | PA14: 3877.938 | PB14: 0 | PC14: 0 | PD14: 21497.18 | PE14: 15685.747 | PF14: 0 | PG14: 0 | PH14: 0 | PI14: 88432.47 | PJ14: 157076.43 | PK14: 38318 | PL14: 30435.44 | PM14: 103184.9 | PN14: 5474 | PO14: 106660.89 | PP14: 1466.25 | PQ14: 0 | PR14: 0 | PS14: 13685 | PT14: 0 | PU14: 9775 | PV14: 3719.3875 | PW14: 2346 | PX14: 0 | PY14: 0 | PZ14: 2647.07 | QA14: 0 | QB14: 10166 | QC14: 8636.2125 | QD14: 0 | QE14: 0 | QF14: 11612.7 | QG14: 0 | QH14: 10557 | QI14: 2924.68 | QJ14: 0 | QK14: 16871.65 | QL14: 0 | QM14: 0 | QN14: =#VALUE! -> #VALUE! | QO14: 1720.4 | QP14: 11730 | QQ14: 0 | QR14: 9238.548 | QS14: 0 | QT14: 6686.1 | QU14: 0 | QV14: 0 | QW14: 22044.58 | QX14: 0 | QY14: 0 | QZ14: 0 | RA14: 0 | RB14: 2326.059 | RC14: 0 | RD14: 0 | RE14: 0 | RF14: 0 | RG14: 0 | RH14: 0 | RI14: 12961.65 | RJ14: 5865 | RK14: 0 | RL14: 16289.06 | RM14: 0 | RN14: 285 | RO14: 3140.7 | RP14: 0 | RQ14: 0 | RR14: 14102.37 | RS14: 10393.95 | RT14: 0 | RU14: 0 | RV14: 0 | RW14: 64458.45 | RX14: 114493.05 | RY14: 27930 | RZ14: 22184.4 | SA14: 75211.5 | SB14: 3990 | SC14: 77745.15 | SD14: 1068.75 | SE14: 0 | SF14: 0 | SG14: 9975 | SH14: 0 | SI14: 7125 | SJ14: 2168.85 | SK14: 1710 | SL14: 0 | SM14: 0 | SN14: 1929.45 | SO14: 0 | SP14: 7410 | SQ14: 5035.95 | SR14: 0 | SS14: 0 | ST14: 9405 | SU14: 0 | SV14: 7695 | SW14: 1938 | SX14: 0 | SY14: 12297.75 | SZ14: 0 | TA14: 0 | TB14: =#VALUE! -> #VALUE! | TC14: 1140 | TD14: 8550 | TE14: 0 | TF14: 6121.8 | TG14: 0 | TH14: 5956.5 | TI14: 0 | TJ14: 0 | TK14: 20085.375 | TL14: 0 | TM14: 0 | TN14: 0 | TO14: 0 | TP14: 1883.85 | TQ14: 0 | TR14: 0 | TS14: 0 | TT14: 0 | TU14: 0 | TV14: 0 | TW14: 9447.75 | TX14: 4275 | TY14: 0 | TZ14: 11873.1 | UA14: 0 | UB14: 293 | UC14: 3228.86 | UD14: 0 | UE14: 0 | UF14: 16109.14 | UG14: 10685.71 | UH14: 0 | UI14: 0 | UJ14: 0 | UK14: 66267.81 | UL14: 117706.89 | UM14: 28714 | UN14: 22807.12 | UO14: 77322.7 | UP14: 4102 | UQ14: 79927.47 | UR14: 988.875 | US14: 0 | UT14: 0 | UU14: 10255 | UV14: 0 | UW14: 8057.5 | UX14: 2006.757 | UY14: 1758 | UZ14: 0 | VA14: 0 | VB14: 1983.61 | VC14: 0 | VD14: 7618 | VE14: 5177.31 | VF14: 0 | VG14: 0 | VH14: 9669 | VI14: 0 | VJ14: 7911 | VK14: 1992.4 | VL14: 0 | VM14: 12642.95 | VN14: 0 | VO14: 0 | VP14: =#VALUE! -> #VALUE! | VQ14: 1172 | VR14: 8790 | VS14: 0 | VT14: 5664.276 | VU14: 0 | VV14: 5567 | VW14: 0 | VX14: 0 | VY14: 16519.34 | VZ14: 0 | WA14: 0 | WB14: 0 | WC14: 0 | WD14: 1936.73 | WE14: 0 | WF14: 0 | WG14: 0 | WH14: 0 | WI14: 0 | WJ14: 0 | WK14: 10684.245 | WL14: 4395 | WM14: 0 | WN14: 12206.38 | WO14: 0 | WP14: 160 | WQ14: 1763.2 | WR14: 0 | WS14: 0 | WT14: 8796.8 | WU14: 5835.2 | WV14: 0 | WW14: 0 | WX14: 0 | WY14: 36187.2 | WZ14: 64276.8 | XA14: 15680 | XB14: 12454.4 | XC14: 42224 | XD14: 2240 | XE14: 43646.4 | XF14: 600 | XG14: 0 | XH14: 0 | XI14: 7000 | XJ14: 0 | XK14: 4400 | XL14: 1217.6 | XM14: 960 | XN14: 0 | XO14: 0 | XP14: 1083.2 | XQ14: 0 | XR14: 4160 | XS14: 3534 | XT14: 0 | XU14: 0 | XV14: 4752 | XW14: 0 | XX14: 3888 | XY14: 1088 | XZ14: 0 | YA14: 8630 | YB14: 0 | YC14: 0 | YD14: =#VALUE! -> #VALUE! | YE14: 640 | YF14: 4320 | YG14: 0 | YH14: 3436.8 | YI14: 0 | YJ14: 2736 | YK14: 0 | YL14: 0 | YM14: 8118.72 | YN14: 0 | YO14: 0 | YP14: 0 | YQ14: 0 | YR14: 1057.6 | YS14: 0 | YT14: 0 | YU14: 0 | YV14: 0 | YW14: 0 | YX14: 0 | YY14: 6630 | YZ14: 2640 | ZA14: 0 | ZB14: 6665.6 | ZC14: 0 | ZD14: 174 | ZE14: 1917.48 | ZF14: 0 | ZG14: 0 | ZH14: 9566.52 | ZI14: 5711.202 | ZJ14: 0 | ZK14: 0 | ZL14: 0 | ZM14: 39353.58 | ZN14: 69901.02 | ZO14: 17052 | ZP14: 13544.16 | ZQ14: 45918.6 | ZR14: 2436 | ZS14: 47465.46 | ZT14: 587.25 | ZU14: 0 | ZV14: 0 | ZW14: 6090 | ZX14: 0 | ZY14: 4350 | ZZ14: 1191.726 | AAA14: 1044 | AAB14: 0 | AAC14: 0 | AAD14: 1060.182 | AAE14: 0 | AAF14: 5655 | AAG14: 3074.58 | AAH14: 0 | AAI14: 0 | AAJ14: 7177.5 | AAK14: 0 | AAL14: 4698 | AAM14: 1183.2 | AAN14: 0 | AAO14: 7508.1 | AAP14: 0 | AAQ14: 0 | AAR14: =#VALUE! -> #VALUE! | AAS14: 696 | AAT14: 6525 | AAU14: 0 | AAV14: 3737.52 | AAW14: 0 | AAX14: 3306 | AAY14: 0 | AAZ14: 0 | ABA14: 9810.12 | ABB14: 0 | ABC14: 0 | ABD14: 0 | ABE14: 0 | ABF14: 1437.675 | ABG14: 0 | ABH14: 0 | ABI14: 0 | ABJ14: 0 | ABK14: 0 | ABL14: 0 | ABM14: 5768.1 | ABN14: 2610 | ABO14: 0 | ABP14: 7248.84 | ABQ14: 0 | ABR14: 355 | ABS14: 4890.125 | ABT14: 0 | ABU14: 0 | ABV14: 19517.9 | ABW14: 14241.535 | ABX14: 0 | ABY14: 0 | ABZ14: 0 | ACA14: 80290.35 | ACB14: 142614.15 | ACC14: 34790 | ACD14: 27633.2 | ACE14: 93684.5 | ACF14: 4970 | ACG14: 96840.45 | ACH14: 1331.25 | ACI14: 0 | ACJ14: 0 | ACK14: 13667.5 | ACL14: 0 | ACM14: 8875 | ACN14: 3376.9375 | ACO14: 2130 | ACP14: 0 | ACQ14: 0 | ACR14: 2403.35 | ACS14: 0 | ACT14: 9230 | ACU14: 6272.85 | ACV14: 0 | ACW14: 0 | ACX14: 12886.5 | ACY14: 0 | ACZ14: 9585 | ADA14: 2414 | ADB14: 0 | ADC14: 15318.25 | ADD14: 0 | ADE14: 0 | ADF14: =#VALUE! -> #VALUE! | ADG14: 1420 | ADH14: 10650 | ADI14: 0 | ADJ14: 7625.4 | ADK14: 0 | ADL14: 6745 | ADM14: 0 | ADN14: 0 | ADO14: 20014.9 | ADP14: 0 | ADQ14: 0 | ADR14: 0 | ADS14: 0 | ADT14: 2346.55 | ADU14: 0 | ADV14: 0 | ADW14: 0 | ADX14: 0 | ADY14: 0 | ADZ14: 0 | AEA14: 11768.25 | AEB14: 5325 | AEC14: 0 | AED14: 18486.625 | AEE14: 0 | AEF14: 179 | AEG14: 1972.58 | AEH14: 0 | AEI14: 0 | AEJ14: 8857.278 | AEK14: 6528.13 | AEL14: 0 | AEM14: 0 | AEN14: 0 | AEO14: 40484.43 | AEP14: 71909.67 | AEQ14: 17542 | AER14: 13933.36 | AES14: 47238.1 | AET14: 2506 | AEU14: 48829.41 | AEV14: 604.125 | AEW14: 0 | AEX14: 0 | AEY14: 6265 | AEZ14: 0 | AFA14: 4475 | AFB14: 1498.409 | AFC14: 1074 | AFD14: 0 | AFE14: 0 | AFF14: 1211.83 | AFG14: 0 | AFH14: 4654 | AFI14: 3479.223 | AFJ14: 0 | AFK14: 0 | AFL14: 5907 | AFM14: 0 | AFN14: 4349.7 | AFO14: 1217.2 | AFP14: 0 | AFQ14: 7723.85 | AFR14: 0 | AFS14: 0 | AFT14: =#VALUE! -> #VALUE! | AFU14: 716 | AFV14: 5370 | AFW14: 0 | AFX14: 4806.15 | AFY14: 0 | AFZ14: 3060.9 | AGA14: 0 | AGB14: 0 | AGC14: 10092.02 | AGD14: 0 | AGE14: 0 | AGF14: 0 | AGG14: 0 | AGH14: 1183.19 | AGI14: 0 | AGJ14: 0 | AGK14: 0 | AGL14: 0 | AGM14: 0 | AGN14: 0 | AGO14: 5933.85 | AGP14: 2685 | AGQ14: 0 | AGR14: 6711.426 | AGS14: 0 | AGU14: =IF($P14>0,CH14*$K14,0) -> 500 | AGV14: =IF($P14>0,EV14*$K14,0) -> 430 | AGW14: =IF($P14>0,HJ14*$K14,0) -> 40 | AGX14: =IF($P14>0,JX14*$K14,0) -> 684 | AGY14: =IF($P14>0,ML14*$K14,0) -> 78 | AGZ14: =IF($P14>0,OZ14*$K14,0) -> 782 | AHA14: =IF($P14>0,RN14*$K14,0) -> 570 | AHB14: =IF($P14>0,UB14*$K14,0) -> 586 | AHC14: =IF($P14>0,WP14*$K14,0) -> 320 | AHD14: =IF($P14>0,ZD14*$K14,0) -> 348 | AHE14: =IF($P14>0,ABR14*$K14,0) -> 710 | AHF14: =IF($P14>0,AEF14*$K14,0) -> 358
F15: ASSY-002 | H15: CH-008 | I15: part 8 | K15: 2 | L15: SPEC-A | P15: 2 | R15: FM | S15: 0 | Y15: 41.65 | Z15: 20.71 | AB15: 45.53 | AF15: 57.39 | AG15: 7 | AH15: 12.53 | AI15: 18.82 | AJ15: 7.45 | AL15: 30 | AM15: 47.67 | AR15: 24.88 | AY15: 38 | BD15: 6.77 | BI15: 27.86 | BN15: 46.91 | BR15: 10.49 | BV15: 32.92 | CD15: 24.16 | CF15: 23 | CH15: 119 | CI15: 0 | CJ15: 0 | CK15: 0 | CL15: 0 | CM15: 4460.715 | CN15: 2464.49 | CO15: 0 | CP15: 5418.07 | CQ15: 0 | CR15: 0 | CS15: 0 | CT15: 8536.7625 | CU15: 749.7 | CV15: 1491.07 | CW15: 2239.58 | CX15: 886.55 | CY15: 0 | CZ15: 3570 | DA15: 5672.73 | DB15: 0 | DC15: 0 | DD15: 0 | DE15: 0 | DF15: 2960.72 | DG15: 0 | DH15: 0 | DI15: 0 | DJ15: 0 | DK15: 0 | DL15: 0 | DM15: 4522 | DN15: 0 | DO15: 0 | DP15: 0 | DQ15: 0 | DR15: 805.63 | DS15: 0 | DT15: 0 | DU15: 0 | DV15: 0 | DW15: 3315.34 | DX15: 0 | DY15: 0 | DZ15: 0 | EA15: 0 | EB15: 5582.29 | EC15: 0 | ED15: 0 | EE15: 0 | EF15: 1373.141 | EG15: 0 | EH15: 0 | EI15: 0 | EJ15: 3917.48 | EK15: 0 | EL15: 0 | EM15: 0 | EN15: 0 | EO15: 0 | EP15: 0 | EQ15: 0 | ER15: 3593.8 | ES15: 0 | ET15: 2737 | EU15: 0 | EV15: 29 | EW15: 0 | EX15: 0 | EY15: 0 | EZ15: 0 | FA15: 1509.8125 | FB15: 600.59 | FC15: 0 | FD15: 1320.37 | FE15: 0 | FF15: 0 | FG15: 0 | FH15: 1664.31 | FI15: 203 | FJ15: 454.2125 | FK15: 545.78 | FL15: 216.05 | FM15: 0 | FN15: 870 | FO15: 1244.187 | FP15: 0 | FQ15: 0 | FR15: 0 | FS15: 0 | FT15: 721.52 | FU15: 0 | FV15: 0 | FW15: 0 | FX15: 0 | FY15: 0 | FZ15: 0 | GA15: 1212.2 | GB15: 0 | GC15: 0 | GD15: 0 | GE15: 0 | GF15: 196.33 | GG15: 0 | GH15: 0 | GI15: 0 | GJ15: 0 | GK15: 807.94 | GL15: 0 | GM15: 0 | GN15: 0 | GO15: 0 | GP15: 1496.429 | GQ15: 0 | GR15: 0 | GS15: 0 | GT15: 304.21 | GU15: 0 | GV15: 0 | GW15: 0 | GX15: 1050.148 | GY15: 0 | GZ15: 0 | HA15: 0 | HB15: 0 | HC15: 0 | HD15: 0 | HE15: 0 | HF15: 875.8 | HG15: 0 | HH15: 667 | HI15: 0 | HJ15: 54 | HK15: 0 | HL15: 0 | HM15: 0 | HN15: 0 | HO15: 2249.1 | HP15: 1118.34 | HQ15: 0 | HR15: 2704.482 | HS15: 0 | HT15: 0 | HU15: 0 | HV15: 3099.06 | HW15: 472.5 | HX15: 744.282 | HY15: 1016.28 | HZ15: 402.3 | IA15: 0 | IB15: 1782 | IC15: 2574.18 | ID15: 0 | IE15: 0 | IF15: 0 | IG15: 0 | IH15: 1477.872 | II15: 0 | IJ15: 0 | IK15: 0 | IL15: 0 | IM15: 0 | IN15: 0 | IO15: 2052 | IP15: 0 | IQ15: 0 | IR15: 0 | IS15: 0 | IT15: 329.022 | IU15: 0 | IV15: 0 | IW15: 0 | IX15: 0 | IY15: 1504.44 | IZ15: 0 | JA15: 0 | JB15: 0 | JC15: 0 | JD15: 2786.454 | JE15: 0 | JF15: 0 | JG15: 0 | JH15: 509.814 | JI15: 0 | JJ15: 0 | JK15: 0 | JL15: 1777.68 | JM15: 0 | JN15: 0 | JO15: 0 | JP15: 0 | JQ15: 0 | JR15: 0 | JS15: 0 | JT15: 1304.64 | JU15: 0 | JV15: 1242 | JW15: 0 | JX15: 232 | JY15: 0 | JZ15: 0 | KA15: 0 | KB15: 0 | KC15: 9662.8 | KD15: 4804.72 | KE15: 0 | KF15: 10562.96 | KG15: 0 | KH15: 0 | KI15: 0 | KJ15: 13314.48 | KK15: 1624 | KL15: 2906.96 | KM15: 4366.24 | KN15: 1901.24 | KO15: 0 | KP15: 7656 | KQ15: 11059.44 | KR15: 0 | KS15: 0 | KT15: 0 | KU15: 0 | KV15: 5772.16 | KW15: 0 | KX15: 0 | KY15: 0 | KZ15: 0 | LA15: 0 | LB15: 0 | LC15: 8816 | LD15: 0 | LE15: 0 | LF15: 0 | LG15: 0 | LH15: 1570.64 | LI15: 0 | LJ15: 0 | LK15: 0 | LL15: 0 | LM15: 6463.52 | LN15: 0 | LO15: 0 | LP15: 0 | LQ15: 0 | LR15: 10883.12 | LS15: 0 | LT15: 0 | LU15: 0 | LV15: 2433.68 | LW15: 0 | LX15: 0 | LY15: 0 | LZ15: 6873.696 | MA15: 0 | MB15: 0 | MC15: 0 | MD15: 0 | ME15: 0 | MF15: 0 | MG15: 0 | MH15: 5605.12 | MI15: 0 | MJ15: 6670 | MK15: 0 | ML15: 224 | MM15: 0 | MN15: 0 | MO15: 0 | MP15: 0 | MQ15: 9329.6 | MR15: 4639.04 | MS15: 0 | MT15: 10198.72 | MU15: 0 | MV15: 0 | MW15: 0 | MX15: 12855.36 | MY15: 1724.8 | MZ15: 2526.048 | NA15: 4637.248 | NB15: 1668.8 | NC15: 0 | ND15: 6720 | NE15: 10678.08 | NF15: 0 | NG15: 0 | NH15: 0 | NI15: 0 | NJ15: 5573.12 | NK15: 0 | NL15: 0 | NM15: 0 | NN15: 0 | NO15: 0 | NP15: 0 | NQ15: 8512 | NR15: 0 | NS15: 0 | NT15: 0 | NU15: 0 | NV15: 1895.6 | NW15: 0 | NX15: 0 | NY15: 0 | NZ15: 0 | OA15: 6240.64 | OB15: 0 | OC15: 0 | OD15: 0 | OE15: 0 | OF15: 10507.84 | OG15: 0 | OH15: 0 | OI15: 0 | OJ15: 2349.76 | OK15: 0 | OL15: 0 | OM15: 0 | ON15: 7374.08 | OO15: 0 | OP15: 0 | OQ15: 0 | OR15: 0 | OS15: 0 | OT15: 0 | OU15: 0 | OV15: 5411.84 | OW15: 0 | OX15: 4636.8 | OY15: 0 | OZ15: 45 | PA15: 0 | PB15: 0 | PC15: 0 | PD15: 0 | PE15: 2061.675 | PF15: 931.95 | PG15: 0 | PH15: 2048.85 | PI15: 0 | PJ15: 0 | PK15: 0 | PL15: 2582.55 | PM15: 315 | PN15: 507.465 | PO15: 846.9 | PP15: 335.25 | PQ15: 0 | PR15: 1350 | PS15: 2145.15 | PT15: 0 | PU15: 0 | PV15: 0 | PW15: 0 | PX15: 1119.6 | PY15: 0 | PZ15: 0 | QA15: 0 | QB15: 0 | QC15: 0 | QD15: 0 | QE15: 1710 | QF15: 0 | QG15: 0 | QH15: 0 | QI15: 0 | QJ15: 274.185 | QK15: 0 | QL15: 0 | QM15: 0 | QN15: 0 | QO15: 1379.07 | QP15: 0 | QQ15: 0 | QR15: 0 | QS15: 0 | QT15: 1899.855 | QU15: 0 | QV15: 0 | QW15: 0 | QX15: 590.0625 | QY15: 0 | QZ15: 0 | RA15: 0 | RB15: 1333.26 | RC15: 0 | RD15: 0 | RE15: 0 | RF15: 0 | RG15: 0 | RH15: 0 | RI15: 0 | RJ15: 1087.2 | RK15: 0 | RL15: 1035 | RM15: 0 | RN15: 133 | RO15: 0 | RP15: 0 | RQ15: 0 | RR15: 0 | RS15: 5539.45 | RT15: 2754.43 | RU15: 0 | RV15: 6055.49 | RW15: 0 | RX15: 0 | RY15: 0 | RZ15: 7632.87 | SA15: 931 | SB15: 1666.49 | SC15: 2753.366 | SD15: 990.85 | SE15: 0 | SF15: 3990 | SG15: 6340.11 | SH15: 0 | SI15: 0 | SJ15: 0 | SK15: 0 | SL15: 3309.04 | SM15: 0 | SN15: 0 | SO15: 0 | SP15: 0 | SQ15: 0 | SR15: 0 | SS15: 6317.5 | ST15: 0 | SU15: 0 | SV15: 0 | SW15: 0 | SX15: 810.369 | SY15: 0 | SZ15: 0 | TA15: 0 | TB15: 0 | TC15: 3705.38 | TD15: 0 | TE15: 0 | TF15: 0 | TG15: 0 | TH15: 6862.933 | TI15: 0 | TJ15: 0 | TK15: 0 | TL15: 1395.17 | TM15: 0 | TN15: 0 | TO15: 0 | TP15: 4378.36 | TQ15: 0 | TR15: 0 | TS15: 0 | TT15: 0 | TU15: 0 | TV15: 0 | TW15: 0 | TX15: 3213.28 | TY15: 0 | TZ15: 3059 | UA15: 0 | UB15: 56 | UC15: 0 | UD15: 0 | UE15: 0 | UF15: 0 | UG15: 2332.4 | UH15: 1159.76 | UI15: 0 | UJ15: 2804.648 | UK15: 0 | UL15: 0 | UM15: 0 | UN15: 3213.84 | UO15: 392 | UP15: 701.68 | UQ15: 1317.4 | UR15: 375.48 | US15: 0 | UT15: 1680 | UU15: 2669.52 | UV15: 0 | UW15: 0 | UX15: 0 | UY15: 0 | UZ15: 1253.952 | VA15: 0 | VB15: 0 | VC15: 0 | VD15: 0 | VE15: 0 | VF15: 0 | VG15: 1915.2 | VH15: 0 | VI15: 0 | VJ15: 0 | VK15: 0 | VL15: 379.12 | VM15: 0 | VN15: 0 | VO15: 0 | VP15: 0 | VQ15: 1560.16 | VR15: 0 | VS15: 0 | VT15: 0 | VU15: 0 | VV15: 2626.96 | VW15: 0 | VX15: 0 | VY15: 0 | VZ15: 587.44 | WA15: 0 | WB15: 0 | WC15: 0 | WD15: 1843.52 | WE15: 0 | WF15: 0 | WG15: 0 | WH15: 0 | WI15: 0 | WJ15: 0 | WK15: 0 | WL15: 1352.96 | WM15: 0 | WN15: 1288 | WO15: 0 | WP15: 292 | WQ15: 0 | WR15: 0 | WS15: 0 | WT15: 0 | WU15: 12161.8 | WV15: 6047.32 | WW15: 0 | WX15: 13294.76 | WY15: 0 | WZ15: 0 | XA15: 0 | XB15: 16757.88 | XC15: 2044 | XD15: 3658.76 | XE15: 5495.44 | XF15: 2175.4 | XG15: 0 | XH15: 8760 | XI15: 17399.55 | XJ15: 0 | XK15: 0 | XL15: 0 | XM15: 0 | XN15: 7264.96 | XO15: 0 | XP15: 0 | XQ15: 0 | XR15: 0 | XS15: 0 | XT15: 0 | XU15: 11096 | XV15: 0 | XW15: 0 | XX15: 0 | XY15: 0 | XZ15: 1976.84 | YA15: 0 | YB15: 0 | YC15: 0 | YD15: 0 | YE15: 8135.12 | YF15: 0 | YG15: 0 | YH15: 0 | YI15: 0 | YJ15: 12327.948 | YK15: 0 | YL15: 0 | YM15: 0 | YN15: 3063.08 | YO15: 0 | YP15: 0 | YQ15: 0 | YR15: 9612.64 | YS15: 0 | YT15: 0 | YU15: 0 | YV15: 0 | YW15: 0 | YX15: 0 | YY15: 0 | YZ15: 7760.192 | ZA15: 0 | ZB15: 6716 | ZC15: 0 | ZD15: 227 | ZE15: 0 | ZF15: 0 | ZG15: 0 | ZH15: 0 | ZI15: 8509.095 | ZJ15: 4701.17 | ZK15: 0 | ZL15: 11368.841 | ZM15: 0 | ZN15: 0 | ZO15: 0 | ZP15: 13027.53 | ZQ15: 1986.25 | ZR15: 2844.31 | ZS15: 4272.14 | ZT15: 1522.035 | ZU15: 0 | ZV15: 6810 | ZW15: 10821.09 | ZX15: 0 | ZY15: 0 | ZZ15: 0 | AAA15: 0 | AAB15: 6212.536 | AAC15: 0 | AAD15: 0 | AAE15: 0 | AAF15: 0 | AAG15: 0 | AAH15: 0 | AAI15: 9488.6 | AAJ15: 0 | AAK15: 0 | AAL15: 0 | AAM15: 0 | AAN15: 1536.79 | AAO15: 0 | AAP15: 0 | AAQ15: 0 | AAR15: 0 | AAS15: 6324.22 | AAT15: 0 | AAU15: 0 | AAV15: 0 | AAW15: 0 | AAX15: 10648.57 | AAY15: 0 | AAZ15: 0 | ABA15: 0 | ABB15: 2619.353 | ABC15: 0 | ABD15: 0 | ABE15: 0 | ABF15: 9341.05 | ABG15: 0 | ABH15: 0 | ABI15: 0 | ABJ15: 0 | ABK15: 0 | ABL15: 0 | ABM15: 0 | ABN15: 5484.32 | ABO15: 0 | ABP15: 5221 | ABQ15: 0 | ABR15: 40 | ABS15: 0 | ABT15: 0 | ABU15: 0 | ABV15: 0 | ABW15: 1832.6 | ABX15: 828.4 | ABY15: 0 | ABZ15: 1821.2 | ACA15: 0 | ACB15: 0 | ACC15: 0 | ACD15: 2295.6 | ACE15: 280 | ACF15: 626.5 | ACG15: 752.8 | ACH15: 298 | ACI15: 0 | ACJ15: 1320 | ACK15: 2097.48 | ACL15: 0 | ACM15: 0 | ACN15: 0 | ACO15: 0 | ACP15: 995.2 | ACQ15: 0 | ACR15: 0 | ACS15: 0 | ACT15: 0 | ACU15: 0 | ACV15: 0 | ACW15: 1368 | ACX15: 0 | ACY15: 0 | ACZ15: 0 | ADA15: 0 | ADB15: 270.8 | ADC15: 0 | ADD15: 0 | ADE15: 0 | ADF15: 0 | ADG15: 1114.4 | ADH15: 0 | ADI15: 0 | ADJ15: 0 | ADK15: 0 | ADL15: 1876.4 | ADM15: 0 | ADN15: 0 | ADO15: 0 | ADP15: 419.6 | ADQ15: 0 | ADR15: 0 | ADS15: 0 | ADT15: 1316.8 | ADU15: 0 | ADV15: 0 | ADW15: 0 | ADX15: 0 | ADY15: 0 | ADZ15: 0 | AEA15: 0 | AEB15: 966.4 | AEC15: 0 | AED15: 1150 | AEE15: 0 | AEF15: 299 | AEG15: 0 | AEH15: 0 | AEI15: 0 | AEJ15: 0 | AEK15: 12453.35 | AEL15: 6192.29 | AEM15: 0 | AEN15: 13613.47 | AEO15: 0 | AEP15: 0 | AEQ15: 0 | AER15: 21449.513 | AES15: 2093 | AET15: 3746.47 | AEU15: 5627.18 | AEV15: 2004.795 | AEW15: 0 | AEX15: 11212.5 | AEY15: 14253.33 | AEZ15: 0 | AFA15: 0 | AFB15: 0 | AFC15: 0 | AFD15: 9298.9 | AFE15: 0 | AFF15: 0 | AFG15: 0 | AFH15: 0 | AFI15: 0 | AFJ15: 0 | AFK15: 11362 | AFL15: 0 | AFM15: 0 | AFN15: 0 | AFO15: 0 | AFP15: 2024.23 | AFQ15: 0 | AFR15: 0 | AFS15: 0 | AFT15: 0 | AFU15: 8330.14 | AFV15: 0 | AFW15: 0 | AFX15: 0 | AFY15: 0 | AFZ15: 12623.481 | AGA15: 0 | AGB15: 0 | AGC15: 0 | AGD15: 3136.51 | AGE15: 0 | AGF15: 0 | AGG15: 0 | AGH15: 9843.08 | AGI15: 0 | AGJ15: 0 | AGK15: 0 | AGL15: 0 | AGM15: 0 | AGN15: 0 | AGO15: 0 | AGP15: 7223.84 | AGQ15: 0 | AGR15: 6189.3 | AGS15: 0 | AGU15: =IF($P15>0,CH15*$K15,0) -> 238 | AGV15: =IF($P15>0,EV15*$K15,0) -> 58 | AGW15: =IF($P15>0,HJ15*$K15,0) -> 108 | AGX15: =IF($P15>0,JX15*$K15,0) -> 464 | AGY15: =IF($P15>0,ML15*$K15,0) -> 448 | AGZ15: =IF($P15>0,OZ15*$K15,0) -> 90 | AHA15: =IF($P15>0,RN15*$K15,0) -> 266 | AHB15: =IF($P15>0,UB15*$K15,0) -> 112 | AHC15: =IF($P15>0,WP15*$K15,0) -> 584 | AHD15: =IF($P15>0,ZD15*$K15,0) -> 454 | AHE15: =IF($P15>0,ABR15*$K15,0) -> 80 | AHF15: =IF($P15>0,AEF15*$K15,0) -> 598
F16: ASSY-009 | H16: CH-009 | I16: part 9 | K16: 2 | L16: 15.88 | P16: 2 | R16: 0 | S16: BD | V16: 25.81 | Y16: 44.75 | AB16: 26 | AC16: 5 | AE16: 57.87 | AH16: 8.38 | AI16: 18 | AR16: 37.78 | AS16: 10 | AV16: 21 | AX16: 38 | AY16: 57.15 | BA16: 9.42 | BB16: 23 | BD16: 32.54 | BH16: 36 | BK16: 32.32 | BP16: 9.22 | BR16: 9.52 | BW16: 30 | BZ16: 26.12 | CC16: 39.14 | CD16: 44.46 | CG16: 45.67 | CH16: 250 | CI16: 0 | CJ16: 6452.5 | CK16: 0 | CL16: 0 | CM16: 10068.75 | CN16: 0 | CO16: 0 | CP16: 6500 | CQ16: 1375 | CR16: 0 | CS16: 14467.5 | CT16: 0 | CU16: 0 | CV16: 2095 | CW16: 4500 | CX16: 0 | CY16: 0 | CZ16: 0 | DA16: 0 | DB16: 0 | DC16: 0 | DD16: 0 | DE16: 0 | DF16: 9445 | DG16: 2500 | DH16: 0 | DI16: 0 | DJ16: 6562.5 | DK16: 0 | DL16: 10450 | DM16: 14287.5 | DN16: 0 | DO16: 2590.5 | DP16: 5750 | DQ16: 0 | DR16: 8135 | DS16: 0 | DT16: 0 | DU16: 0 | DV16: 9000 | DW16: 0 | DX16: 0 | DY16: 8080 | DZ16: 0 | EA16: 0 | EB16: 0 | EC16: 0 | ED16: 2881.25 | EE16: 0 | EF16: 2618 | EG16: 0 | EH16: 0 | EI16: 0 | EJ16: 0 | EK16: 9375 | EL16: 0 | EM16: 0 | EN16: 6530 | EO16: 0 | EP16: 0 | EQ16: 9785 | ER16: 13893.75 | ES16: 0 | ET16: 0 | EU16: 14271.875 | EV16: 215 | EW16: 0 | EX16: 5549.15 | EY16: 0 | EZ16: 0 | FA16: 12026.562 | FB16: 0 | FC16: 0 | FD16: 5590 | FE16: 967.5 | FF16: 0 | FG16: 12442.05 | FH16: 0 | FI16: 0 | FJ16: 2252.125 | FK16: 3870 | FL16: 0 | FM16: 0 | FN16: 0 | FO16: 0 | FP16: 0 | FQ16: 0 | FR16: 0 | FS16: 0 | FT16: 8122.7 | FU16: 1935 | FV16: 0 | FW16: 0 | FX16: 4063.5 | FY16: 0 | FZ16: 8987 | GA16: 13515.975 | GB16: 0 | GC16: 2025.3 | GD16: 4945 | GE16: 0 | GF16: 6996.1 | GG16: 0 | GH16: 0 | GI16: 0 | GJ16: 7740 | GK16: 0 | GL16: 0 | GM16: 6948.8 | GN16: 0 | GO16: 0 | GP16: 0 | GQ16: 0 | GR16: 1982.3 | GS16: 0 | GT16: 2046.8 | GU16: 0 | GV16: 0 | GW16: 0 | GX16: 0 | GY16: 6450 | GZ16: 0 | HA16: 0 | HB16: 7019.75 | HC16: 0 | HD16: 0 | HE16: 8415.1 | HF16: 11948.625 | HG16: 0 | HH16: 0 | HI16: 9819.05 | HJ16: 20 | HK16: 0 | HL16: 516.2 | HM16: 0 | HN16: 0 | HO16: 895 | HP16: 0 | HQ16: 0 | HR16: 572 | HS16: 100 | HT16: 0 | HU16: 1273.14 | HV16: 0 | HW16: 0 | HX16: 184.36 | HY16: 360 | HZ16: 0 | IA16: 0 | IB16: 0 | IC16: 0 | ID16: 0 | IE16: 0 | IF16: 0 | IG16: 0 | IH16: 831.16 | II16: 200 | IJ16: 0 | IK16: 0 | IL16: 420 | IM16: 0 | IN16: 950 | IO16: 1143 | IP16: 0 | IQ16: 188.4 | IR16: 575 | IS16: 0 | IT16: 585.72 | IU16: 0 | IV16: 0 | IW16: 0 | IX16: 720 | IY16: 0 | IZ16: 0 | JA16: 646.4 | JB16: 0 | JC16: 0 | JD16: 0 | JE16: 0 | JF16: 184.4 | JG16: 0 | JH16: 171.36 | JI16: 0 | JJ16: 0 | JK16: 0 | JL16: 0 | JM16: 660 | JN16: 0 | JO16: 0 | JP16: 653 | JQ16: 0 | JR16: 0 | JS16: 782.8 | JT16: 889.2 | JU16: 0 | JV16: 0 | JW16: 913.4 | JX16: 342 | JY16: 0 | JZ16: 8827.02 | KA16: 0 | KB16: 0 | KC16: 15304.5 | KD16: 0 | KE16: 0 | KF16: 8892 | KG16: 1539 | KH16: 0 | KI16: 17812.386 | KJ16: 0 | KK16: 0 | KL16: 2865.96 | KM16: 6156 | KN16: 0 | KO16: 0 | KP16: 0 | KQ16: 0 | KR16: 0 | KS16: 0 | KT16: 0 | KU16: 0 | KV16: 12920.76 | KW16: 3420 | KX16: 0 | KY16: 0 | KZ16: 7182 | LA16: 0 | LB16: 12996 | LC16: 19545.3 | LD16: 0 | LE16: 3543.804 | LF16: 7866 | LG16: 0 | LH16: 11128.68 | LI16: 0 | LJ16: 0 | LK16: 0 | LL16: 12312 | LM16: 0 | LN16: 0 | LO16: 11053.44 | LP16: 0 | LQ16: 0 | LR16: 0 | LS16: 0 | LT16: 3153.24 | LU16: 0 | LV16: 3255.84 | LW16: 0 | LX16: 0 | LY16: 0 | LZ16: 0 | MA16: 12825 | MB16: 0 | MC16: 0 | MD16: 8933.04 | ME16: 0 | MF16: 0 | MG16: 13385.88 | MH16: 15205.32 | MI16: 0 | MJ16: 0 | MK16: 14057.226 | ML16: 39 | MM16: 0 | MN16: 1006.59 | MO16: 0 | MP16: 0 | MQ16: 1745.25 | MR16: 0 | MS16: 0 | MT16: 1014 | MU16: 214.5 | MV16: 0 | MW16: 2256.93 | MX16: 0 | MY16: 0 | MZ16: 294.138 | NA16: 772.2 | NB16: 0 | NC16: 0 | ND16: 0 | NE16: 0 | NF16: 0 | NG16: 0 | NH16: 0 | NI16: 0 | NJ16: 1473.42 | NK16: 351 | NL16: 0 | NM16: 0 | NN16: 819 | NO16: 0 | NP16: 1333.8 | NQ16: 2228.85 | NR16: 0 | NS16: 367.38 | NT16: 807.3 | NU16: 0 | NV16: 1586.325 | NW16: 0 | NX16: 0 | NY16: 0 | NZ16: 1404 | OA16: 0 | OB16: 0 | OC16: 1260.48 | OD16: 0 | OE16: 0 | OF16: 0 | OG16: 0 | OH16: 359.58 | OI16: 0 | OJ16: 371.28 | OK16: 0 | OL16: 0 | OM16: 0 | ON16: 0 | OO16: 1053 | OP16: 0 | OQ16: 0 | OR16: 1018.68 | OS16: 0 | OT16: 0 | OU16: 1526.46 | OV16: 1733.94 | OW16: 0 | OX16: 0 | OY16: 1781.13 | OZ16: 391 | PA16: 0 | PB16: 10091.71 | PC16: 0 | PD16: 0 | PE16: 19246.975 | PF16: 0 | PG16: 0 | PH16: 10166 | PI16: 1955 | PJ16: 0 | PK16: 22627.17 | PL16: 0 | PM16: 0 | PN16: 2948.922 | PO16: 7038 | PP16: 0 | PQ16: 0 | PR16: 0 | PS16: 0 | PT16: 0 | PU16: 0 | PV16: 0 | PW16: 0 | PX16: 14771.98 | PY16: 4887.5 | PZ16: 0 | QA16: 0 | QB16: 8211 | QC16: 0 | QD16: 14858 | QE16: 22345.65 | QF16: 0 | QG16: 3683.22 | QH16: 8993 | QI16: 0 | QJ16: 11450.826 | QK16: 0 | QL16: 0 | QM16: 0 | QN16: 14076 | QO16: 0 | QP16: 0 | QQ16: 12637.12 | QR16: 0 | QS16: 0 | QT16: 0 | QU16: 0 | QV16: 3605.02 | QW16: 0 | QX16: 4652.9 | QY16: 0 | QZ16: 0 | RA16: 0 | RB16: 0 | RC16: 11730 | RD16: 0 | RE16: 0 | RF16: 10212.92 | RG16: 0 | RH16: 0 | RI16: 15303.74 | RJ16: 17383.86 | RK16: 0 | RL16: 0 | RM16: 19642.667 | RN16: 285 | RO16: 0 | RP16: 7355.85 | RQ16: 0 | RR16: 0 | RS16: 12753.75 | RT16: 0 | RU16: 0 | RV16: 7410 | RW16: 1282.5 | RX16: 0 | RY16: 16492.95 | RZ16: 0 | SA16: 0 | SB16: 2388.3 | SC16: 5643 | SD16: 0 | SE16: 0 | SF16: 0 | SG16: 0 | SH16: 0 | SI16: 0 | SJ16: 0 | SK16: 0 | SL16: 10767.3 | SM16: 2850 | SN16: 0 | SO16: 0 | SP16: 5985 | SQ16: 0 | SR16: 10830 | SS16: 20359.688 | ST16: 0 | SU16: 2684.7 | SV16: 6555 | SW16: 0 | SX16: 8346.51 | SY16: 0 | SZ16: 0 | TA16: 0 | TB16: 10260 | TC16: 0 | TD16: 0 | TE16: 9211.2 | TF16: 0 | TG16: 0 | TH16: 0 | TI16: 0 | TJ16: 2627.7 | TK16: 0 | TL16: 2713.2 | TM16: 0 | TN16: 0 | TO16: 0 | TP16: 0 | TQ16: 8550 | TR16: 0 | TS16: 0 | TT16: 6699.78 | TU16: 0 | TV16: 0 | TW16: 11154.9 | TX16: 12671.1 | TY16: 0 | TZ16: 0 | UA16: 13015.95 | UB16: 293 | UC16: 0 | UD16: 7562.33 | UE16: 0 | UF16: 0 | UG16: 13111.75 | UH16: 0 | UI16: 0 | UJ16: 8379.8 | UK16: 1465 | UL16: 0 | UM16: 16955.91 | UN16: 0 | UO16: 0 | UP16: 2455.34 | UQ16: 6592.5 | UR16: 0 | US16: 0 | UT16: 0 | UU16: 0 | UV16: 0 | UW16: 0 | UX16: 0 | UY16: 0 | UZ16: 9962.586 | VA16: 2930 | VB16: 0 | VC16: 0 | VD16: 6153 | VE16: 0 | VF16: 11134 | VG16: 15070.455 | VH16: 0 | VI16: 2760.06 | VJ16: 6739 | VK16: 0 | VL16: 9534.22 | VM16: 0 | VN16: 0 | VO16: 0 | VP16: 10548 | VQ16: 0 | VR16: 0 | VS16: 11837.2 | VT16: 0 | VU16: 0 | VV16: 0 | VW16: 0 | VX16: 2701.46 | VY16: 0 | VZ16: 2789.36 | WA16: 0 | WB16: 0 | WC16: 0 | WD16: 0 | WE16: 10987.5 | WF16: 0 | WG16: 0 | WH16: 9566.45 | WI16: 0 | WJ16: 0 | WK16: 12614.822 | WL16: 13026.78 | WM16: 0 | WN16: 0 | WO16: 13381.31 | WP16: 160 | WQ16: 0 | WR16: 3716.64 | WS16: 0 | WT16: 0 | WU16: 7160 | WV16: 0 | WW16: 0 | WX16: 4160 | WY16: 800 | WZ16: 0 | XA16: 9259.2 | XB16: 0 | XC16: 0 | XD16: 1340.8 | XE16: 2880 | XF16: 0 | XG16: 0 | XH16: 0 | XI16: 0 | XJ16: 0 | XK16: 0 | XL16: 0 | XM16: 0 | XN16: 6044.8 | XO16: 1600 | XP16: 0 | XQ16: 0 | XR16: 3360 | XS16: 0 | XT16: 5472 | XU16: 9144 | XV16: 0 | XW16: 1507.2 | XX16: 3312 | XY16: 0 | XZ16: 5206.4 | YA16: 0 | YB16: 0 | YC16: 0 | YD16: 5760 | YE16: 0 | YF16: 0 | YG16: 5171.2 | YH16: 0 | YI16: 0 | YJ16: 0 | YK16: 0 | YL16: 1475.2 | YM16: 0 | YN16: 1523.2 | YO16: 0 | YP16: 0 | YQ16: 0 | YR16: 0 | YS16: 5280 | YT16: 0 | YU16: 0 | YV16: 4179.2 | YW16: 0 | YX16: 0 | YY16: 7828 | YZ16: 7824.96 | ZA16: 0 | ZB16: 0 | ZC16: 7307.2 | ZD16: 174 | ZE16: 0 | ZF16: 4490.94 | ZG16: 0 | ZH16: 0 | ZI16: 7007.85 | ZJ16: 0 | ZK16: 0 | ZL16: 4976.4 | ZM16: 870 | ZN16: 0 | ZO16: 10069.38 | ZP16: 0 | ZQ16: 0 | ZR16: 1458.12 | ZS16: 3132 | ZT16: 0 | ZU16: 0 | ZV16: 0 | ZW16: 0 | ZX16: 0 | ZY16: 0 | ZZ16: 0 | AAA16: 0 | AAB16: 7231.092 | AAC16: 2175 | AAD16: 0 | AAE16: 0 | AAF16: 4567.5 | AAG16: 0 | AAH16: 6612 | AAI16: 10938.51 | AAJ16: 0 | AAK16: 1639.08 | AAL16: 4002 | AAM16: 0 | AAN16: 5661.96 | AAO16: 0 | AAP16: 0 | AAQ16: 0 | AAR16: 6264 | AAS16: 0 | AAT16: 0 | AAU16: 5623.68 | AAV16: 0 | AAW16: 0 | AAX16: 0 | AAY16: 0 | AAZ16: 2005.35 | ABA16: 0 | ABB16: 1822.128 | ABC16: 0 | ABD16: 0 | ABE16: 0 | ABF16: 0 | ABG16: 4698 | ABH16: 0 | ABI16: 0 | ABJ16: 4090.392 | ABK16: 0 | ABL16: 0 | ABM16: 6810.36 | ABN16: 7736.04 | ABO16: 0 | ABP16: 0 | ABQ16: 7946.58 | ABR16: 355 | ABS16: 0 | ABT16: 9162.55 | ABU16: 0 | ABV16: 0 | ABW16: 17474.875 | ABX16: 0 | ABY16: 0 | ABZ16: 9230 | ACA16: 1775 | ACB16: 0 | ACC16: 22598.235 | ACD16: 0 | ACE16: 0 | ACF16: 3718.625 | ACG16: 6390 | ACH16: 0 | ACI16: 0 | ACJ16: 0 | ACK16: 0 | ACL16: 0 | ACM16: 0 | ACN16: 0 | ACO16: 0 | ACP16: 13411.9 | ACQ16: 3550 | ACR16: 0 | ACS16: 0 | ACT16: 7455 | ACU16: 0 | ACV16: 13490 | ACW16: 18259.425 | ACX16: 0 | ACY16: 3009.69 | ACZ16: 8165 | ADA16: 0 | ADB16: 11551.7 | ADC16: 0 | ADD16: 0 | ADE16: 0 | ADF16: 14058 | ADG16: 0 | ADH16: 0 | ADI16: 11473.6 | ADJ16: 0 | ADK16: 0 | ADL16: 0 | ADM16: 0 | ADN16: 3600.41 | ADO16: 0 | ADP16: 3379.6 | ADQ16: 0 | ADR16: 0 | ADS16: 0 | ADT16: 0 | ADU16: 10650 | ADV16: 0 | ADW16: 0 | ADX16: 9272.6 | ADY16: 0 | ADZ16: 0 | AEA16: 13894.7 | AEB16: 15783.3 | AEC16: 0 | AED16: 0 | AEE16: 16212.85 | AEF16: 179 | AEG16: 0 | AEH16: 4619.99 | AEI16: 0 | AEJ16: 0 | AEK16: 8010.25 | AEL16: 0 | AEM16: 0 | AEN16: 4654 | AEO16: 895 | AEP16: 0 | AEQ16: 11394.603 | AER16: 0 | AES16: 0 | AET16: 1500.02 | AEU16: 3222 | AEV16: 0 | AEW16: 0 | AEX16: 0 | AEY16: 0 | AEZ16: 0 | AFA16: 0 | AFB16: 0 | AFC16: 0 | AFD16: 8453.275 | AFE16: 1790 | AFF16: 0 | AFG16: 0 | AFH16: 3759 | AFI16: 0 | AFJ16: 6802 | AFK16: 10229.85 | AFL16: 0 | AFM16: 1686.18 | AFN16: 3705.3 | AFO16: 0 | AFP16: 5824.66 | AFQ16: 0 | AFR16: 0 | AFS16: 0 | AFT16: 6444 | AFU16: 0 | AFV16: 0 | AFW16: 6363.808 | AFX16: 0 | AFY16: 0 | AFZ16: 0 | AGA16: 0 | AGB16: 1650.38 | AGC16: 0 | AGD16: 1704.08 | AGE16: 0 | AGF16: 0 | AGG16: 0 | AGH16: 0 | AGI16: 5370 | AGJ16: 0 | AGK16: 0 | AGL16: 5143.028 | AGM16: 0 | AGN16: 0 | AGO16: 7006.06 | AGP16: 7958.34 | AGQ16: 0 | AGR16: 0 | AGS16: 8992.423 | AGU16: =IF($P16>0,CH16*$K16,0) -> 500 | AGV16: =IF($P16>0,EV16*$K16,0) -> 430 | AGW16: =IF($P16>0,HJ16*$K16,0) -> 40 | AGX16: =IF($P16>0,JX16*$K16,0) -> 684 | AGY16: =IF($P16>0,ML16*$K16,0) -> 78 | AGZ16: =IF($P16>0,OZ16*$K16,0) -> 782 | AHA16: =IF($P16>0,RN16*$K16,0) -> 570 | AHB16: =IF($P16>0,UB16*$K16,0) -> 586 | AHC16: =IF($P16>0,WP16*$K16,0) -> 320 | AHD16: =IF($P16>0,ZD16*$K16,0) -> 348 | AHE16: =IF($P16>0,ABR16*$K16,0) -> 710 | AHF16: =IF($P16>0,AEF16*$K16,0) -> 358
F17: ASSY-011 | H17: CH-010 | I17: part 10 | K17: 1 | L17: 6.35 | P17: 1 | R17: FM | S17: BD | W17: 24 | X17: 36 | Z17: 25.92 | AB17: 26 | AC17: 33 | AD17: 30.04 | AE17: 43.08 | AF17: 6 | AG17: 26 | AH17: 1.37 | AI17: 39 | AJ17: 33.08 | AL17: 41.66 | AN17: 38.38 | AP17: 52.28 | AR17: 1 | AW17: 25.89 | AX17: 38.86 | AZ17: 3.32 | BA17: 37 | BD17: 36.04 | BG17: 36 | BH17: 13.52 | BI17: 1.28 | BK17: 6 | BL17: 28.87 | BM17: 27.6 | BS17: 19 | BX17: 3 | BY17: 39.39 | CA17: 44.04 | CB17: 32 | CD17: 29 | CF17: 8 | CH17: 374 | CI17: 0 | CJ17: 0 | CK17: 8976 | CL17: 13464 | CM17: 0 | CN17: 9694.08 | CO17: 0 | CP17: 9724 | CQ17: 13576.2 | CR17: 11234.96 | CS17: 16111.92 | CT17: 2805 | CU17: 8751.6 | CV17: 512.38 | CW17: 14586 | CX17: 12371.92 | CY17: 0 | CZ17: 15580.84 | DA17: 0 | DB17: 14354.12 | DC17: 0 | DD17: 19552.72 | DE17: 0 | DF17: 374 | DG17: 0 | DH17: 0 | DI17: 0 | DJ17: 0 | DK17: 9682.86 | DL17: 15987.004 | DM17: 0 | DN17: 1241.68 | DO17: 15221.8 | DP17: 0 | DQ17: 0 | DR17: 13478.96 | DS17: 0 | DT17: 0 | DU17: 13464 | DV17: 5056.48 | DW17: 478.72 | DX17: 0 | DY17: 2244 | DZ17: 10797.38 | EA17: 10322.4 | EB17: 0 | EC17: 0 | ED17: 0 | EE17: 0 | EF17: 0 | EG17: 7106 | EH17: 0 | EI17: 0 | EJ17: 0 | EK17: 0 | EL17: 1122 | EM17: 14731.86 | EN17: 0 | EO17: 16470.96 | EP17: 11968 | EQ17: 0 | ER17: 13557.5 | ES17: 0 | ET17: 2992 | EU17: 0 | EV17: 359 | EW17: 0 | EX17: 0 | EY17: 8616 | EZ17: 12924 | FA17: 0 | FB17: 9305.28 | FC17: 0 | FD17: 9334 | FE17: 10662.3 | FF17: 10784.36 | FG17: 15465.72 | FH17: 2154 | FI17: 9334 | FJ17: 614.7875 | FK17: 14001 | FL17: 11875.72 | FM17: 0 | FN17: 14955.94 | FO17: 0 | FP17: 12400.578 | FQ17: 0 | FR17: 18768.52 | FS17: 0 | FT17: 359 | FU17: 0 | FV17: 0 | FW17: 0 | FX17: 0 | FY17: 11618.138 | FZ17: 15345.814 | GA17: 0 | GB17: 1191.88 | GC17: 13283 | GD17: 0 | GE17: 0 | GF17: 12938.36 | GG17: 0 | GH17: 0 | GI17: 12924 | GJ17: 4853.68 | GK17: 459.52 | GL17: 0 | GM17: 2154 | GN17: 12955.413 | GO17: 8917.56 | GP17: 0 | GQ17: 0 | GR17: 0 | GS17: 0 | GT17: 0 | GU17: 6821 | GV17: 0 | GW17: 0 | GX17: 0 | GY17: 0 | GZ17: 1077 | HA17: 15555.111 | HB17: 0 | HC17: 15810.36 | HD17: 11488 | HE17: 0 | HF17: 13013.75 | HG17: 0 | HH17: 2872 | HI17: 0 | HJ17: 158 | HK17: 0 | HL17: 0 | HM17: 4171.2 | HN17: 5688 | HO17: 0 | HP17: 4095.36 | HQ17: 0 | HR17: 4518.8 | HS17: 5214 | HT17: 4271.688 | HU17: 7487.304 | HV17: 948 | HW17: 5135 | HX17: 238.106 | HY17: 6162 | HZ17: 5226.64 | IA17: 0 | IB17: 7240.508 | IC17: 0 | ID17: 7580.05 | IE17: 0 | IF17: 8260.24 | IG17: 0 | IH17: 173.8 | II17: 0 | IJ17: 0 | IK17: 0 | IL17: 0 | IM17: 4090.62 | IN17: 7674.85 | IO17: 0 | IP17: 524.56 | IQ17: 5846 | IR17: 0 | IS17: 0 | IT17: 5124.888 | IU17: 0 | IV17: 0 | IW17: 5688 | IX17: 2136.16 | IY17: 202.24 | IZ17: 0 | JA17: 948 | JB17: 5701.825 | JC17: 4360.8 | JD17: 0 | JE17: 0 | JF17: 0 | JG17: 0 | JH17: 0 | JI17: 3002 | JJ17: 0 | JK17: 0 | JL17: 0 | JM17: 0 | JN17: 474 | JO17: 6223.62 | JP17: 0 | JQ17: 6958.32 | JR17: 5056 | JS17: 0 | JT17: 4582 | JU17: 0 | JV17: 1264 | JW17: 0 | JX17: 331 | JY17: 0 | JZ17: 0 | KA17: 9930 | KB17: 14895 | KC17: 0 | KD17: 8579.52 | KE17: 0 | KF17: 8606 | KG17: 9830.7 | KH17: 10937.564 | KI17: 12833.532 | KJ17: 1986 | KK17: 8606 | KL17: 453.47 | KM17: 12909 | KN17: 12044.428 | KO17: 0 | KP17: 15168.406 | KQ17: 0 | KR17: 15879.725 | KS17: 0 | KT17: 17304.68 | KU17: 0 | KV17: 331 | KW17: 0 | KX17: 0 | KY17: 0 | KZ17: 0 | LA17: 9426.549 | LB17: 12862.66 | LC17: 0 | LD17: 1098.92 | LE17: 13471.7 | LF17: 0 | LG17: 0 | LH17: 11929.24 | LI17: 0 | LJ17: 0 | LK17: 11916 | LL17: 4475.12 | LM17: 423.68 | LN17: 0 | LO17: 1986 | LP17: 9555.97 | LQ17: 10049.16 | LR17: 0 | LS17: 0 | LT17: 0 | LU17: 0 | LV17: 0 | LW17: 6289 | LX17: 0 | LY17: 0 | LZ17: 0 | MA17: 0 | MB17: 993 | MC17: 11734.281 | MD17: 0 | ME17: 14577.24 | MF17: 10592 | MG17: 0 | MH17: 9599 | MI17: 0 | MJ17: 3310 | MK17: 0 | ML17: 295 | MM17: 0 | MN17: 0 | MO17: 7788 | MP17: 10620 | MQ17: 0 | MR17: 7646.4 | MS17: 0 | MT17: 7670 | MU17: 10708.5 | MV17: 9747.98 | MW17: 12708.6 | MX17: 1770 | MY17: 8437 | MZ17: 363.735 | NA17: 12655.5 | NB17: 9758.6 | NC17: 0 | ND17: 12289.7 | NE17: 0 | NF17: 11322.1 | NG17: 0 | NH17: 15422.6 | NI17: 0 | NJ17: 295 | NK17: 0 | NL17: 0 | NM17: 0 | NN17: 0 | NO17: 6873.795 | NP17: 10317.33 | NQ17: 0 | NR17: 979.4 | NS17: 10915 | NT17: 0 | NU17: 0 | NV17: 13289.75 | NW17: 0 | NX17: 0 | NY17: 10620 | NZ17: 3988.4 | OA17: 377.6 | OB17: 0 | OC17: 1770 | OD17: 7664.985 | OE17: 8142 | OF17: 0 | OG17: 0 | OH17: 0 | OI17: 0 | OJ17: 0 | OK17: 5605 | OL17: 0 | OM17: 0 | ON17: 0 | OO17: 0 | OP17: 885 | OQ17: 11620.05 | OR17: 0 | OS17: 12991.8 | OT17: 9440 | OU17: 0 | OV17: 8555 | OW17: 0 | OX17: 2124 | OY17: 0 | OZ17: 348 | PA17: 0 | PB17: 0 | PC17: 8352 | PD17: 12528 | PE17: 0 | PF17: 9020.16 | PG17: 0 | PH17: 9048 | PI17: 11484 | PJ17: 10453.92 | PK17: 14991.84 | PL17: 2088 | PM17: 9048 | PN17: 429.084 | PO17: 13572 | PP17: 11511.84 | PQ17: 0 | PR17: 14497.68 | PS17: 0 | PT17: 14691.864 | PU17: 0 | PV17: 22741.8 | PW17: 0 | PX17: 348 | PY17: 0 | PZ17: 0 | QA17: 0 | QB17: 0 | QC17: 11262.15 | QD17: 13523.28 | QE17: 0 | QF17: 1039.824 | QG17: 12876 | QH17: 0 | QI17: 0 | QJ17: 11287.728 | QK17: 0 | QL17: 0 | QM17: 13780.8 | QN17: 4704.96 | QO17: 489.984 | QP17: 0 | QQ17: 2088 | QR17: 11051.436 | QS17: 10565.28 | QT17: 0 | QU17: 0 | QV17: 0 | QW17: 0 | QX17: 0 | QY17: 6612 | QZ17: 0 | RA17: 0 | RB17: 0 | RC17: 0 | RD17: 1044 | RE17: 13707.72 | RF17: 0 | RG17: 13793.328 | RH17: 11136 | RI17: 0 | RJ17: 10092 | RK17: 0 | RL17: 2784 | RM17: 0 | RN17: 228 | RO17: 0 | RP17: 0 | RQ17: 5472 | RR17: 7387.2 | RS17: 0 | RT17: 5909.76 | RU17: 0 | RV17: 5928 | RW17: 6771.6 | RX17: 6164.208 | RY17: 9822.24 | RZ17: 1368 | SA17: 5928 | SB17: 312.36 | SC17: 9781.2 | SD17: 7542.24 | SE17: 0 | SF17: 9498.48 | SG17: 0 | SH17: 8750.64 | SI17: 0 | SJ17: 11919.84 | SK17: 0 | SL17: 228 | SM17: 0 | SN17: 0 | SO17: 0 | SP17: 0 | SQ17: 5902.92 | SR17: 8860.08 | SS17: 0 | ST17: 756.96 | SU17: 8436 | SV17: 0 | SW17: 0 | SX17: 7395.408 | SY17: 0 | SZ17: 0 | TA17: 8208 | TB17: 3082.56 | TC17: 291.84 | TD17: 0 | TE17: 1368 | TF17: 6582.36 | TG17: 7866 | TH17: 0 | TI17: 0 | TJ17: 0 | TK17: 0 | TL17: 0 | TM17: 4332 | TN17: 0 | TO17: 0 | TP17: 0 | TQ17: 0 | TR17: 855 | TS17: 8980.92 | TT17: 0 | TU17: 10041.12 | TV17: 7296 | TW17: 0 | TX17: 6612 | TY17: 0 | TZ17: 1824 | UA17: 0 | UB17: 145 | UC17: 0 | UD17: 0 | UE17: 3828 | UF17: 5220 | UG17: 0 | UH17: 3758.4 | UI17: 0 | UJ17: 4147 | UK17: 4785 | UL17: 4791.38 | UM17: 6246.6 | UN17: 870 | UO17: 3770 | UP17: 198.65 | UQ17: 7068.75 | UR17: 4316.94 | US17: 0 | UT17: 6040.7 | UU17: 0 | UV17: 5565.1 | UW17: 0 | UX17: 6822.54 | UY17: 0 | UZ17: 130.5 | VA17: 0 | VB17: 0 | VC17: 0 | VD17: 0 | VE17: 3754.05 | VF17: 5634.7 | VG17: 0 | VH17: 481.4 | VI17: 5365 | VJ17: 0 | VK17: 0 | VL17: 5225.8 | VM17: 0 | VN17: 0 | VO17: 4698 | VP17: 1960.4 | VQ17: 185.6 | VR17: 0 | VS17: 1087.5 | VT17: 3767.535 | VU17: 4002 | VV17: 0 | VW17: 0 | VX17: 0 | VY17: 0 | VZ17: 0 | WA17: 2755 | WB17: 0 | WC17: 0 | WD17: 0 | WE17: 0 | WF17: 435 | WG17: 5711.55 | WH17: 0 | WI17: 5747.22 | WJ17: 4640 | WK17: 0 | WL17: 4205 | WM17: 0 | WN17: 1160 | WO17: 0 | WP17: 366 | WQ17: 0 | WR17: 0 | WS17: 8784 | WT17: 13176 | WU17: 0 | WV17: 9486.72 | WW17: 0 | WX17: 9516 | WY17: 12078 | WZ17: 10994.64 | XA17: 15767.28 | XB17: 2196 | XC17: 9516 | XD17: 501.42 | XE17: 14274 | XF17: 12107.28 | XG17: 0 | XH17: 15247.56 | XI17: 0 | XJ17: 14047.08 | XK17: 0 | XL17: 19134.48 | XM17: 0 | XN17: 366 | XO17: 0 | XP17: 0 | XQ17: 0 | XR17: 0 | XS17: 11844.675 | XT17: 12800.484 | XU17: 0 | XV17: 1093.608 | XW17: 13542 | XX17: 0 | XY17: 0 | XZ17: 13190.64 | YA17: 0 | YB17: 0 | YC17: 16470 | YD17: 4948.32 | YE17: 468.48 | YF17: 0 | YG17: 2196 | YH17: 10566.42 | YI17: 10101.6 | YJ17: 0 | YK17: 0 | YL17: 0 | YM17: 0 | YN17: 0 | YO17: 6954 | YP17: 0 | YQ17: 0 | YR17: 0 | YS17: 0 | YT17: 988.2 | YU17: 14416.74 | YV17: 0 | YW17: 16118.64 | YX17: 10540.8 | YY17: 0 | YZ17: 11675.4 | ZA17: 0 | ZB17: 2928 | ZC17: 0 | ZD17: 197 | ZE17: 0 | ZF17: 0 | ZG17: 4728 | ZH17: 7092 | ZI17: 0 | ZJ17: 5106.24 | ZK17: 0 | ZL17: 5634.2 | ZM17: 6501 | ZN17: 5917.88 | ZO17: 8486.76 | ZP17: 1182 | ZQ17: 6402.5 | ZR17: 269.89 | ZS17: 7683 | ZT17: 5865.084 | ZU17: 0 | ZV17: 8207.02 | ZW17: 0 | ZX17: 6804.774 | ZY17: 0 | ZZ17: 9269.244 | AAA17: 0 | AAB17: 216.7 | AAC17: 0 | AAD17: 0 | AAE17: 0 | AAF17: 0 | AAG17: 5100.33 | AAH17: 7655.42 | AAI17: 0 | AAJ17: 817.55 | AAK17: 7289 | AAL17: 0 | AAM17: 0 | AAN17: 7099.88 | AAO17: 0 | AAP17: 0 | AAQ17: 7092 | AAR17: 2663.44 | AAS17: 252.16 | AAT17: 0 | AAU17: 1182 | AAV17: 5687.39 | AAW17: 5437.2 | AAX17: 0 | AAY17: 0 | AAZ17: 0 | ABA17: 0 | ABB17: 0 | ABC17: 3743 | ABD17: 0 | ABE17: 0 | ABF17: 0 | ABG17: 0 | ABH17: 591 | ABI17: 7759.83 | ABJ17: 0 | ABK17: 8675.88 | ABL17: 6934.4 | ABM17: 0 | ABN17: 5713 | ABO17: 0 | ABP17: 1576 | ABQ17: 0 | ABR17: 342 | ABS17: 0 | ABT17: 0 | ABU17: 7387.2 | ABV17: 12312 | ABW17: 0 | ABX17: 8864.64 | ABY17: 0 | ABZ17: 8892 | ACA17: 11286 | ACB17: 10273.68 | ACC17: 16206.696 | ACD17: 2052 | ACE17: 8892 | ACF17: 585.675 | ACG17: 13338 | ACH17: 11313.36 | ACI17: 0 | ACJ17: 15672.492 | ACK17: 0 | ACL17: 16407.45 | ACM17: 0 | ACN17: 22349.7 | ACO17: 0 | ACP17: 342 | ACQ17: 0 | ACR17: 0 | ACS17: 0 | ACT17: 0 | ACU17: 8854.38 | ACV17: 13290.12 | ACW17: 0 | ACX17: 1248.984 | ACY17: 11388.6 | ACZ17: 0 | ADA17: 0 | ADB17: 12325.68 | ADC17: 0 | ADD17: 0 | ADE17: 15390 | ADF17: 5086.224 | ADG17: 437.76 | ADH17: 0 | ADI17: 2052 | ADJ17: 9873.54 | ADK17: 9439.2 | ADL17: 0 | ADM17: 0 | ADN17: 0 | ADO17: 0 | ADP17: 0 | ADQ17: 7147.8 | ADR17: 0 | ADS17: 0 | ADT17: 0 | ADU17: 0 | ADV17: 923.4 | ADW17: 13471.38 | ADX17: 0 | ADY17: 16567.848 | ADZ17: 10944 | AEA17: 0 | AEB17: 9918 | AEC17: 0 | AED17: 3420 | AEE17: 0 | AEF17: 177 | AEG17: 0 | AEH17: 0 | AEI17: 4672.8 | AEJ17: 5734.8 | AEK17: 0 | AEL17: 4587.84 | AEM17: 0 | AEN17: 4602 | AEO17: 5841 | AEP17: 5848.788 | AEQ17: 8387.676 | AER17: 1327.5 | AES17: 4602 | AET17: 242.49 | AEU17: 6903 | AEV17: 5269.644 | AEW17: 0 | AEX17: 9217.275 | AEY17: 0 | AEZ17: 6113.934 | AFA17: 0 | AFB17: 10178.916 | AFC17: 0 | AFD17: 221.25 | AFE17: 0 | AFF17: 0 | AFG17: 0 | AFH17: 0 | AFI17: 5040.783 | AFJ17: 6878.22 | AFK17: 0 | AFL17: 587.64 | AFM17: 6549 | AFN17: 0 | AFO17: 0 | AFP17: 6379.08 | AFQ17: 0 | AFR17: 0 | AFS17: 6372 | AFT17: 2393.04 | AFU17: 226.56 | AFV17: 0 | AFW17: 1168.2 | AFX17: 6387.4875 | AFY17: 4885.2 | AFZ17: 0 | AGA17: 0 | AGB17: 0 | AGC17: 0 | AGD17: 0 | AGE17: 3363 | AGF17: 0 | AGG17: 0 | AGH17: 0 | AGI17: 0 | AGJ17: 663.75 | AGK17: 6972.03 | AGL17: 0 | AGM17: 8574.588 | AGN17: 5664 | AGO17: 0 | AGP17: 5133 | AGQ17: 0 | AGR17: 1274.4 | AGS17: 0 | AGU17: =IF($P17>0,CH17*$K17,0) -> 374 | AGV17: =IF($P17>0,EV17*$K17,0) -> 359 | AGW17: =IF($P17>0,HJ17*$K17,0) -> 158 | AGX17: =IF($P17>0,JX17*$K17,0) -> 331 | AGY17: =IF($P17>0,ML17*$K17,0) -> 295 | AGZ17: =IF($P17>0,OZ17*$K17,0) -> 348 | AHA17: =IF($P17>0,RN17*$K17,0) -> 228 | AHB17: =IF($P17>0,UB17*$K17,0) -> 145 | AHC17: =IF($P17>0,WP17*$K17,0) -> 366 | AHD17: =IF($P17>0,ZD17*$K17,0) -> 197 | AHE17: =IF($P17>0,ABR17*$K17,0) -> 342 | AHF17: =IF($P17>0,AEF17*$K17,0) -> 177
F18: 12345 | H18: CH-011 | I18: part 11 | K18: 1 | L18: 9.52 | P18: 2 | R18: FM | S18: BD | X18: 22 | Y18: 58.46 | AB18: 58.67 | AD18: 53.4 | AG18: 16.52 | AH18: 3 | AI18: 53.55 | AJ18: 36 | AM18: 33.67 | AO18: 15 | AP18: 24.33 | AT18: 32.89 | AW18: 31.74 | AX18: 21 | BA18: 11.66 | BG18: 59.83 | BI18: 47.45 | BJ18: 21.35 | BL18: 59.43 | BP18: 28 | BQ18: 35.99 | BS18: 22 | BT18: 5.94 | BU18: 52.37 | BY18: 24.45 | BZ18: 17 | CA18: 6.3 | CD18: 24 | CG18: 16.1 | CH18: 28 | CI18: 0 | CJ18: 0 | CK18: 0 | CL18: 616 | CM18: 1473.192 | CN18: 0 | CO18: 0 | CP18: 1642.76 | CQ18: 0 | CR18: 1495.2 | CS18: 0 | CT18: 0 | CU18: 416.304 | CV18: 84 | CW18: 1499.4 | CX18: 1008 | CY18: 0 | CZ18: 0 | DA18: 942.76 | DB18: 0 | DC18: 420 | DD18: 681.24 | DE18: 0 | DF18: 0 | DG18: 0 | DH18: 920.92 | DI18: 0 | DJ18: 0 | DK18: 888.72 | DL18: 646.8 | DM18: 0 | DN18: 0 | DO18: 359.128 | DP18: 0 | DQ18: 0 | DR18: 0 | DS18: 0 | DT18: 0 | DU18: 1675.24 | DV18: 0 | DW18: 1328.6 | DX18: 597.8 | DY18: 0 | DZ18: 1664.04 | EA18: 0 | EB18: 0 | EC18: 0 | ED18: 980 | EE18: 1007.72 | EF18: 0 | EG18: 616 | EH18: 207.9 | EI18: 1466.36 | EJ18: 0 | EK18: 0 | EL18: 0 | EM18: 684.6 | EN18: 476 | EO18: 176.4 | EP18: 0 | EQ18: 0 | ER18: 840 | ES18: 0 | ET18: 0 | EU18: 563.5 | EV18: 4 | EW18: 0 | EX18: 0 | EY18: 0 | EZ18: 88 | FA18: 292.3 | FB18: 0 | FC18: 0 | FD18: 234.68 | FE18: 0 | FF18: 213.6 | FG18: 0 | FH18: 0 | FI18: 66.08 | FJ18: 15 | FK18: 214.2 | FL18: 144 | FM18: 0 | FN18: 0 | FO18: 121.212 | FP18: 0 | FQ18: 60 | FR18: 97.32 | FS18: 0 | FT18: 0 | FU18: 0 | FV18: 131.56 | FW18: 0 | FX18: 0 | FY18: 158.7 | FZ18: 92.4 | GA18: 0 | GB18: 0 | GC18: 46.64 | GD18: 0 | GE18: 0 | GF18: 0 | GG18: 0 | GH18: 0 | GI18: 239.32 | GJ18: 0 | GK18: 189.8 | GL18: 85.4 | GM18: 0 | GN18: 297.15 | GO18: 0 | GP18: 0 | GQ18: 0 | GR18: 112 | GS18: 179.95 | GT18: 0 | GU18: 88 | GV18: 23.76 | GW18: 261.85 | GX18: 0 | GY18: 0 | GZ18: 0 | HA18: 107.58 | HB18: 85 | HC18: 25.2 | HD18: 0 | HE18: 0 | HF18: 120 | HG18: 0 | HH18: 0 | HI18: 64.4 | HJ18: 33 | HK18: 0 | HL18: 0 | HM18: 0 | HN18: 726 | HO18: 1929.18 | HP18: 0 | HQ18: 0 | HR18: 2129.721 | HS18: 0 | HT18: 1585.98 | HU18: 0 | HV18: 0 | HW18: 681.45 | HX18: 108.9 | HY18: 1767.15 | HZ18: 1188 | IA18: 0 | IB18: 0 | IC18: 1111.11 | ID18: 0 | IE18: 495 | IF18: 802.89 | IG18: 0 | IH18: 0 | II18: 0 | IJ18: 1085.37 | IK18: 0 | IL18: 0 | IM18: 1047.42 | IN18: 866.25 | IO18: 0 | IP18: 0 | IQ18: 384.78 | IR18: 0 | IS18: 0 | IT18: 0 | IU18: 0 | IV18: 0 | IW18: 1974.39 | IX18: 0 | IY18: 1565.85 | IZ18: 704.55 | JA18: 0 | JB18: 2451.4875 | JC18: 0 | JD18: 0 | JE18: 0 | JF18: 924 | JG18: 1187.67 | JH18: 0 | JI18: 726 | JJ18: 245.025 | JK18: 1728.21 | JL18: 0 | JM18: 0 | JN18: 0 | JO18: 806.85 | JP18: 701.25 | JQ18: 207.9 | JR18: 0 | JS18: 0 | JT18: 792 | JU18: 0 | JV18: 0 | JW18: 531.3 | JX18: 28 | JY18: 0 | JZ18: 0 | KA18: 0 | KB18: 770 | KC18: 1636.88 | KD18: 0 | KE18: 0 | KF18: 1642.76 | KG18: 0 | KH18: 1644.72 | KI18: 0 | KJ18: 0 | KK18: 462.56 | KL18: 84 | KM18: 1499.4 | KN18: 1108.8 | KO18: 0 | KP18: 0 | KQ18: 942.76 | KR18: 0 | KS18: 420 | KT18: 681.24 | KU18: 0 | KV18: 0 | KW18: 0 | KX18: 1151.15 | KY18: 0 | KZ18: 0 | LA18: 977.592 | LB18: 588 | LC18: 0 | LD18: 0 | LE18: 359.128 | LF18: 0 | LG18: 0 | LH18: 0 | LI18: 0 | LJ18: 0 | LK18: 1675.24 | LL18: 0 | LM18: 1328.6 | LN18: 597.8 | LO18: 0 | LP18: 1664.04 | LQ18: 0 | LR18: 0 | LS18: 0 | LT18: 784 | LU18: 1007.72 | LV18: 0 | LW18: 616 | LX18: 166.32 | LY18: 1466.36 | LZ18: 0 | MA18: 0 | MB18: 0 | MC18: 616.14 | MD18: 476 | ME18: 176.4 | MF18: 0 | MG18: 0 | MH18: 672 | MI18: 0 | MJ18: 0 | MK18: 405.72 | ML18: 38 | MM18: 0 | MN18: 0 | MO18: 0 | MP18: 836 | MQ18: 2221.48 | MR18: 0 | MS18: 0 | MT18: 2229.46 | MU18: 0 | MV18: 2232.12 | MW18: 0 | MX18: 0 | MY18: 690.536 | MZ18: 102.6 | NA18: 2238.39 | NB18: 1368 | NC18: 0 | ND18: 0 | NE18: 1279.46 | NF18: 0 | NG18: 570 | NH18: 924.54 | NI18: 0 | NJ18: 0 | NK18: 0 | NL18: 1124.838 | NM18: 0 | NN18: 0 | NO18: 1085.508 | NP18: 718.2 | NQ18: 0 | NR18: 0 | NS18: 443.08 | NT18: 0 | NU18: 0 | NV18: 0 | NW18: 0 | NX18: 0 | NY18: 2273.54 | NZ18: 0 | OA18: 1803.1 | OB18: 892.43 | OC18: 0 | OD18: 2032.506 | OE18: 0 | OF18: 0 | OG18: 0 | OH18: 1064 | OI18: 1504.382 | OJ18: 0 | OK18: 836 | OL18: 225.72 | OM18: 1791.054 | ON18: 0 | OO18: 0 | OP18: 0 | OQ18: 929.1 | OR18: 646 | OS18: 239.4 | OT18: 0 | OU18: 0 | OV18: 912 | OW18: 0 | OX18: 0 | OY18: 611.8 | OZ18: 65 | PA18: 0 | PB18: 0 | PC18: 0 | PD18: 1430 | PE18: 4179.89 | PF18: 0 | PG18: 0 | PH18: 3813.55 | PI18: 0 | PJ18: 3471 | PK18: 0 | PL18: 0 | PM18: 1073.8 | PN18: 175.5 | PO18: 3480.75 | PP18: 2340 | PQ18: 0 | PR18: 0 | PS18: 2188.55 | PT18: 0 | PU18: 975 | PV18: 1976.8125 | PW18: 0 | PX18: 0 | PY18: 0 | PZ18: 2137.85 | QA18: 0 | QB18: 0 | QC18: 2578.875 | QD18: 1365 | QE18: 0 | QF18: 0 | QG18: 757.9 | QH18: 0 | QI18: 0 | QJ18: 0 | QK18: 0 | QL18: 0 | QM18: 4277.845 | QN18: 0 | QO18: 3392.675 | QP18: 1387.75 | QQ18: 0 | QR18: 4249.245 | QS18: 0 | QT18: 0 | QU18: 0 | QV18: 1820 | QW18: 2339.35 | QX18: 0 | QY18: 1430 | QZ18: 386.1 | RA18: 3404.05 | RB18: 0 | RC18: 0 | RD18: 0 | RE18: 1589.25 | RF18: 1105 | RG18: 368.55 | RH18: 0 | RI18: 0 | RJ18: 1560 | RK18: 0 | RL18: 0 | RM18: 1151.15 | RN18: 31 | RO18: 0 | RP18: 0 | RQ18: 0 | RR18: 613.8 | RS18: 1812.26 | RT18: 0 | RU18: 0 | RV18: 1818.77 | RW18: 0 | RX18: 1489.86 | RY18: 0 | RZ18: 0 | SA18: 512.12 | SB18: 93 | SC18: 1826.055 | SD18: 1116 | SE18: 0 | SF18: 0 | SG18: 1043.77 | SH18: 0 | SI18: 465 | SJ18: 754.23 | SK18: 0 | SL18: 0 | SM18: 0 | SN18: 1019.59 | SO18: 0 | SP18: 0 | SQ18: 983.94 | SR18: 651 | SS18: 0 | ST18: 0 | SU18: 361.46 | SV18: 0 | SW18: 0 | SX18: 0 | SY18: 0 | SZ18: 0 | TA18: 1854.73 | TB18: 0 | TC18: 1470.95 | TD18: 661.85 | TE18: 0 | TF18: 1842.33 | TG18: 0 | TH18: 0 | TI18: 0 | TJ18: 868 | TK18: 1394.6125 | TL18: 0 | TM18: 682 | TN18: 184.14 | TO18: 1623.47 | TP18: 0 | TQ18: 0 | TR18: 0 | TS18: 757.95 | TT18: 474.3 | TU18: 195.3 | TV18: 0 | TW18: 0 | TX18: 744 | TY18: 0 | TZ18: 0 | UA18: 499.1 | UB18: 76 | UC18: 0 | UD18: 0 | UE18: 0 | UF18: 1672 | UG18: 4442.96 | UH18: 0 | UI18: 0 | UJ18: 4904.812 | UK18: 0 | UL18: 4464.24 | UM18: 0 | UN18: 0 | UO18: 1255.52 | UP18: 228 | UQ18: 5087.25 | UR18: 2462.4 | US18: 0 | UT18: 0 | UU18: 2558.92 | UV18: 0 | UW18: 1254 | UX18: 1664.172 | UY18: 0 | UZ18: 0 | VA18: 0 | VB18: 2499.64 | VC18: 0 | VD18: 0 | VE18: 2412.24 | VF18: 1596 | VG18: 0 | VH18: 0 | VI18: 886.16 | VJ18: 0 | VK18: 0 | VL18: 0 | VM18: 0 | VN18: 0 | VO18: 4092.372 | VP18: 0 | VQ18: 3606.2 | VR18: 1622.6 | VS18: 0 | VT18: 4065.012 | VU18: 0 | VV18: 0 | VW18: 0 | VX18: 2128 | VY18: 2735.24 | VZ18: 0 | WA18: 1672 | WB18: 451.44 | WC18: 3980.12 | WD18: 0 | WE18: 0 | WF18: 0 | WG18: 1858.2 | WH18: 1615 | WI18: 430.92 | WJ18: 0 | WK18: 0 | WL18: 1824 | WM18: 0 | WN18: 0 | WO18: 1223.6 | WP18: 42 | WQ18: 0 | WR18: 0 | WS18: 0 | WT18: 924 | WU18: 2455.32 | WV18: 0 | WW18: 0 | WX18: 2464.14 | WY18: 0 | WZ18: 2242.8 | XA18: 0 | XB18: 0 | XC18: 693.84 | XD18: 126 | XE18: 2249.1 | XF18: 1512 | XG18: 0 | XH18: 0 | XI18: 1767.675 | XJ18: 0 | XK18: 693 | XL18: 1021.86 | XM18: 0 | XN18: 0 | XO18: 0 | XP18: 1381.38 | XQ18: 0 | XR18: 0 | XS18: 1666.35 | XT18: 793.8 | XU18: 0 | XV18: 0 | XW18: 489.72 | XX18: 0 | XY18: 0 | XZ18: 0 | YA18: 0 | YB18: 0 | YC18: 3141.075 | YD18: 0 | YE18: 1992.9 | YF18: 807.03 | YG18: 0 | YH18: 2496.06 | YI18: 0 | YJ18: 0 | YK18: 0 | YL18: 1176 | YM18: 1360.422 | YN18: 0 | YO18: 924 | YP18: 224.532 | YQ18: 2199.54 | YR18: 0 | YS18: 0 | YT18: 0 | YU18: 1026.9 | YV18: 714 | YW18: 264.6 | YX18: 0 | YY18: 0 | YZ18: 1108.8 | ZA18: 0 | ZB18: 0 | ZC18: 676.2 | ZD18: 34 | ZE18: 0 | ZF18: 0 | ZG18: 0 | ZH18: 748 | ZI18: 1788.876 | ZJ18: 0 | ZK18: 0 | ZL18: 2194.258 | ZM18: 0 | ZN18: 1815.6 | ZO18: 0 | ZP18: 0 | ZQ18: 702.1 | ZR18: 102 | ZS18: 1820.7 | ZT18: 1101.6 | ZU18: 0 | ZV18: 0 | ZW18: 1144.78 | ZX18: 0 | ZY18: 510 | ZZ18: 744.498 | AAA18: 0 | AAB18: 0 | AAC18: 0 | AAD18: 1006.434 | AAE18: 0 | AAF18: 0 | AAG18: 1079.16 | AAH18: 714 | AAI18: 0 | AAJ18: 0 | AAK18: 396.44 | AAL18: 0 | AAM18: 0 | AAN18: 0 | AAO18: 0 | AAP18: 0 | AAQ18: 2034.22 | AAR18: 0 | AAS18: 1613.3 | AAT18: 907.375 | AAU18: 0 | AAV18: 2020.62 | AAW18: 0 | AAX18: 0 | AAY18: 0 | AAZ18: 1190 | ABA18: 1223.66 | ABB18: 0 | ABC18: 748 | ABD18: 201.96 | ABE18: 1780.58 | ABF18: 0 | ABG18: 0 | ABH18: 0 | ABI18: 831.3 | ABJ18: 520.2 | ABK18: 214.2 | ABL18: 0 | ABM18: 0 | ABN18: 816 | ABO18: 0 | ABP18: 0 | ABQ18: 547.4 | ABR18: 70 | ABS18: 0 | ABT18: 0 | ABU18: 0 | ABV18: 1540 | ABW18: 4501.42 | ABX18: 0 | ABY18: 0 | ABZ18: 4106.9 | ACA18: 0 | ACB18: 3738 | ACC18: 0 | ACD18: 0 | ACE18: 1156.4 | ACF18: 262.5 | ACG18: 3748.5 | ACH18: 2520 | ACI18: 0 | ACJ18: 0 | ACK18: 2592.59 | ACL18: 0 | ACM18: 1050 | ACN18: 2128.875 | ACO18: 0 | ACP18: 0 | ACQ18: 0 | ACR18: 2302.3 | ACS18: 0 | ACT18: 0 | ACU18: 2221.8 | ACV18: 1470 | ACW18: 0 | ACX18: 0 | ACY18: 734.58 | ACZ18: 0 | ADA18: 0 | ADB18: 0 | ADC18: 0 | ADD18: 0 | ADE18: 5235.125 | ADF18: 0 | ADG18: 3321.5 | ADH18: 1494.5 | ADI18: 0 | ADJ18: 4160.1 | ADK18: 0 | ADL18: 0 | ADM18: 0 | ADN18: 2156 | ADO18: 2519.3 | ADP18: 0 | ADQ18: 1694 | ADR18: 415.8 | ADS18: 3665.9 | ADT18: 0 | ADU18: 0 | ADV18: 0 | ADW18: 1711.5 | ADX18: 1190 | ADY18: 485.1 | ADZ18: 0 | AEA18: 0 | AEB18: 1680 | AEC18: 0 | AED18: 0 | AEE18: 1127 | AEF18: 54 | AEG18: 0 | AEH18: 0 | AEI18: 0 | AEJ18: 1069.2 | AEK18: 3156.84 | AEL18: 0 | AEM18: 0 | AEN18: 3168.18 | AEO18: 0 | AEP18: 3171.96 | AEQ18: 0 | AER18: 0 | AES18: 892.08 | AET18: 162 | AEU18: 2891.7 | AEV18: 1749.6 | AEW18: 0 | AEX18: 0 | AEY18: 1818.18 | AEZ18: 0 | AFA18: 810 | AFB18: 1445.202 | AFC18: 0 | AFD18: 0 | AFE18: 0 | AFF18: 1776.06 | AFG18: 0 | AFH18: 0 | AFI18: 1885.356 | AFJ18: 1134 | AFK18: 0 | AFL18: 0 | AFM18: 629.64 | AFN18: 0 | AFO18: 0 | AFP18: 0 | AFQ18: 0 | AFR18: 0 | AFS18: 3230.82 | AFT18: 0 | AFU18: 2562.3 | AFV18: 1152.9 | AFW18: 0 | AFX18: 4011.525 | AFY18: 0 | AFZ18: 0 | AGA18: 0 | AGB18: 1512 | AGC18: 1943.46 | AGD18: 0 | AGE18: 1188 | AGF18: 288.684 | AGG18: 2545.182 | AGH18: 0 | AGI18: 0 | AGJ18: 0 | AGK18: 1320.3 | AGL18: 1009.8 | AGM18: 374.22 | AGN18: 0 | AGO18: 0 | AGP18: 1296 | AGQ18: 0 | AGR18: 0 | AGS18: 956.34 | AGU18: =IF($P18>0,CH18*$K18,0) -> 28 | AGV18: =IF($P18>0,EV18*$K18,0) -> 4 | AGW18: =IF($P18>0,HJ18*$K18,0) -> 33 | AGX18: =IF($P18>0,JX18*$K18,0) -> 28 | AGY18: =IF($P18>0,ML18*$K18,0) -> 38 | AGZ18: =IF($P18>0,OZ18*$K18,0) -> 65 | AHA18: =IF($P18>0,RN18*$K18,0) -> 31 | AHB18: =IF($P18>0,UB18*$K18,0) -> 76 | AHC18: =IF($P18>0,WP18*$K18,0) -> 42 | AHD18: =IF($P18>0,ZD18*$K18,0) -> 34 | AHE18: =IF($P18>0,ABR18*$K18,0) -> 70 | AHF18: =IF($P18>0,AEF18*$K18,0) -> 54
F19: ASSY-012 | H19: CH-012 | I19: part 12 | K19: 1 | L19: 12.7 | P19: 1 | R19: 0 | S19: 0 | V19: 31 | W19: 45.54 | Z19: 45.72 | AA19: 16.16 | AB19: 10.95 | AC19: 40.98 | AD19: 13 | AE19: 5 | AG19: 6.72 | AI19: 49.56 | AK19: 4.35 | AN19: 18 | AP19: 34.69 | AQ19: 17 | AS19: 8 | AT19: 38.23 | AY19: 24 | BA19: 15.05 | BD19: 19 | BE19: 27.08 | BK19: 3.39 | BM19: 50.76 | BO19: 36.44 | BT19: 40.52 | BV19: 1.59 | CB19: 38.71 | CD19: 46.02 | CE19: 15.65 | CH19: 11 | CI19: 0 | CJ19: 341 | CK19: 500.94 | CL19: 0 | CM19: 0 | CN19: 502.92 | CO19: 222.2 | CP19: 120.45 | CQ19: 495.858 | CR19: 143 | CS19: 55 | CT19: 0 | CU19: 66.528 | CV19: 0 | CW19: 545.16 | CX19: 0 | CY19: 47.85 | CZ19: 0 | DA19: 0 | DB19: 198 | DC19: 0 | DD19: 381.59 | DE19: 187 | DF19: 0 | DG19: 88 | DH19: 420.53 | DI19: 0 | DJ19: 0 | DK19: 0 | DL19: 0 | DM19: 264 | DN19: 0 | DO19: 182.105 | DP19: 0 | DQ19: 0 | DR19: 209 | DS19: 297.88 | DT19: 0 | DU19: 0 | DV19: 0 | DW19: 0 | DX19: 0 | DY19: 37.29 | DZ19: 0 | EA19: 558.36 | EB19: 0 | EC19: 400.84 | ED19: 0 | EE19: 0 | EF19: 0 | EG19: 0 | EH19: 557.15 | EI19: 0 | EJ19: 17.49 | EK19: 0 | EL19: 0 | EM19: 0 | EN19: 0 | EO19: 0 | EP19: 425.81 | EQ19: 0 | ER19: 632.775 | ES19: 172.15 | ET19: 0 | EU19: 0 | EV19: 236 | EW19: 0 | EX19: 7316 | EY19: 10747.44 | EZ19: 0 | FA19: 0 | FB19: 10789.92 | FC19: 3813.76 | FD19: 2584.2 | FE19: 8704.152 | FF19: 3068 | FG19: 1180 | FH19: 0 | FI19: 1585.92 | FJ19: 0 | FK19: 11696.16 | FL19: 0 | FM19: 1026.6 | FN19: 0 | FO19: 0 | FP19: 3823.2 | FQ19: 0 | FR19: 8186.84 | FS19: 5015 | FT19: 0 | FU19: 1699.2 | FV19: 9022.28 | FW19: 0 | FX19: 0 | FY19: 0 | FZ19: 0 | GA19: 6230.4 | GB19: 0 | GC19: 3551.8 | GD19: 0 | GE19: 0 | GF19: 4484 | GG19: 6390.88 | GH19: 0 | GI19: 0 | GJ19: 0 | GK19: 0 | GL19: 0 | GM19: 800.04 | GN19: 0 | GO19: 10781.424 | GP19: 0 | GQ19: 8599.84 | GR19: 0 | GS19: 0 | GT19: 0 | GU19: 0 | GV19: 9562.72 | GW19: 0 | GX19: 412.764 | GY19: 0 | GZ19: 0 | HA19: 0 | HB19: 0 | HC19: 0 | HD19: 9135.56 | HE19: 0 | HF19: 13575.9 | HG19: 3693.4 | HH19: 0 | HI19: 0 | HJ19: 181 | HK19: 0 | HL19: 5611 | HM19: 9067.014 | HN19: 0 | HO19: 0 | HP19: 8275.32 | HQ19: 2924.96 | HR19: 2180.145 | HS19: 7417.38 | HT19: 2117.7 | HU19: 995.5 | HV19: 0 | HW19: 1520.4 | HX19: 0 | HY19: 8970.36 | HZ19: 0 | IA19: 984.1875 | IB19: 0 | IC19: 0 | ID19: 4072.5 | IE19: 0 | IF19: 6278.89 | IG19: 3846.25 | IH19: 0 | II19: 1448 | IJ19: 6919.63 | IK19: 0 | IL19: 0 | IM19: 0 | IN19: 0 | IO19: 4344 | IP19: 0 | IQ19: 2724.05 | IR19: 0 | IS19: 0 | IT19: 3095.1 | IU19: 5391.628 | IV19: 0 | IW19: 0 | IX19: 0 | IY19: 0 | IZ19: 0 | JA19: 613.59 | JB19: 0 | JC19: 9187.56 | JD19: 0 | JE19: 6595.64 | JF19: 0 | JG19: 0 | JH19: 0 | JI19: 0 | JJ19: 9167.65 | JK19: 0 | JL19: 287.79 | JM19: 0 | JN19: 0 | JO19: 0 | JP19: 0 | JQ19: 0 | JR19: 7006.51 | JS19: 0 | JT19: 8329.62 | JU19: 3115.915 | JV19: 0 | JW19: 0 | JX19: 86 | JY19: 0 | JZ19: 2666 | KA19: 4895.55 | KB19: 0 | KC19: 0 | KD19: 3931.92 | KE19: 1737.2 | KF19: 941.7 | KG19: 3171.852 | KH19: 1229.8 | KI19: 387 | KJ19: 0 | KK19: 577.92 | KL19: 0 | KM19: 4262.16 | KN19: 0 | KO19: 467.625 | KP19: 0 | KQ19: 0 | KR19: 1935 | KS19: 0 | KT19: 2983.34 | KU19: 1462 | KV19: 0 | KW19: 688 | KX19: 4109.725 | KY19: 0 | KZ19: 0 | LA19: 0 | LB19: 0 | LC19: 2064 | LD19: 0 | LE19: 1423.73 | LF19: 0 | LG19: 0 | LH19: 1634 | LI19: 2328.88 | LJ19: 0 | LK19: 0 | LL19: 0 | LM19: 0 | LN19: 0 | LO19: 291.54 | LP19: 0 | LQ19: 4801.896 | LR19: 0 | LS19: 3133.84 | LT19: 0 | LU19: 0 | LV19: 0 | LW19: 0 | LX19: 3484.72 | LY19: 0 | LZ19: 123.066 | MA19: 0 | MB19: 0 | MC19: 0 | MD19: 0 | ME19: 0 | MF19: 3329.06 | MG19: 0 | MH19: 3957.72 | MI19: 1211.31 | MJ19: 0 | MK19: 0 | ML19: 312 | MM19: 0 | MN19: 9672 | MO19: 15629.328 | MP19: 0 | MQ19: 0 | MR19: 14264.64 | MS19: 5041.92 | MT19: 3416.4 | MU19: 14064.336 | MV19: 4461.6 | MW19: 1560 | MX19: 0 | MY19: 2306.304 | MZ19: 0 | NA19: 17008.992 | NB19: 0 | NC19: 1696.5 | ND19: 0 | NE19: 0 | NF19: 5616 | NG19: 0 | NH19: 10823.28 | NI19: 5304 | NJ19: 0 | NK19: 2246.4 | NL19: 10734.984 | NM19: 0 | NN19: 0 | NO19: 0 | NP19: 0 | NQ19: 7488 | NR19: 0 | NS19: 4695.6 | NT19: 0 | NU19: 0 | NV19: 7410 | NW19: 10561.2 | NX19: 0 | NY19: 0 | NZ19: 0 | OA19: 0 | OB19: 0 | OC19: 1057.68 | OD19: 0 | OE19: 15837.12 | OF19: 0 | OG19: 14211.6 | OH19: 0 | OI19: 0 | OJ19: 0 | OK19: 0 | OL19: 12642.24 | OM19: 0 | ON19: 496.08 | OO19: 0 | OP19: 0 | OQ19: 0 | OR19: 0 | OS19: 0 | OT19: 12077.52 | OU19: 0 | OV19: 14358.24 | OW19: 4394.52 | OX19: 0 | OY19: 0 | OZ19: 59 | PA19: 0 | PB19: 1829 | PC19: 2686.86 | PD19: 0 | PE19: 0 | PF19: 2697.48 | PG19: 1048.784 | PH19: 646.05 | PI19: 2417.82 | PJ19: 767 | PK19: 295 | PL19: 0 | PM19: 396.48 | PN19: 0 | PO19: 2924.04 | PP19: 0 | PQ19: 256.65 | PR19: 0 | PS19: 0 | PT19: 1168.2 | PU19: 0 | PV19: 2558.3875 | PW19: 1003 | PX19: 0 | PY19: 590 | PZ19: 2255.57 | QA19: 0 | QB19: 0 | QC19: 0 | QD19: 0 | QE19: 1416 | QF19: 0 | QG19: 887.95 | QH19: 0 | QI19: 0 | QJ19: 1008.9 | QK19: 1597.72 | QL19: 0 | QM19: 0 | QN19: 0 | QO19: 0 | QP19: 0 | QQ19: 200.01 | QR19: 0 | QS19: 3294.324 | QT19: 0 | QU19: 2149.96 | QV19: 0 | QW19: 0 | QX19: 0 | QY19: 0 | QZ19: 2390.68 | RA19: 0 | RB19: 84.429 | RC19: 0 | RD19: 0 | RE19: 0 | RF19: 0 | RG19: 0 | RH19: 2283.89 | RI19: 0 | RJ19: 2715.18 | RK19: 1154.1875 | RL19: 0 | RM19: 0 | RN19: 252 | RO19: 0 | RP19: 7812 | RQ19: 11476.08 | RR19: 0 | RS19: 0 | RT19: 11521.44 | RU19: 4072.32 | RV19: 2759.4 | RW19: 9294.264 | RX19: 2948.4 | RY19: 1260 | RZ19: 0 | SA19: 1693.44 | SB19: 0 | SC19: 13738.032 | SD19: 0 | SE19: 1370.25 | SF19: 0 | SG19: 0 | SH19: 4536 | SI19: 0 | SJ19: 8741.88 | SK19: 4284 | SL19: 0 | SM19: 2016 | SN19: 9633.96 | SO19: 0 | SP19: 0 | SQ19: 0 | SR19: 0 | SS19: 7560 | ST19: 0 | SU19: 3792.6 | SV19: 0 | SW19: 0 | SX19: 4309.2 | SY19: 6824.16 | SZ19: 0 | TA19: 0 | TB19: 0 | TC19: 0 | TD19: 0 | TE19: 854.28 | TF19: 0 | TG19: 15989.4 | TH19: 0 | TI19: 9182.88 | TJ19: 0 | TK19: 0 | TL19: 0 | TM19: 0 | TN19: 10211.04 | TO19: 0 | TP19: 400.68 | TQ19: 0 | TR19: 0 | TS19: 0 | TT19: 0 | TU19: 0 | TV19: 9754.92 | TW19: 0 | TX19: 11597.04 | TY19: 3943.8 | TZ19: 0 | UA19: 0 | UB19: 30 | UC19: 0 | UD19: 930 | UE19: 1502.82 | UF19: 0 | UG19: 0 | UH19: 1371.6 | UI19: 484.8 | UJ19: 361.35 | UK19: 1229.4 | UL19: 429 | UM19: 150 | UN19: 0 | UO19: 201.6 | UP19: 0 | UQ19: 1858.5 | UR19: 0 | US19: 130.5 | UT19: 0 | UU19: 0 | UV19: 540 | UW19: 0 | UX19: 936.63 | UY19: 510 | UZ19: 0 | VA19: 240 | VB19: 1146.9 | VC19: 0 | VD19: 0 | VE19: 0 | VF19: 0 | VG19: 648 | VH19: 0 | VI19: 451.5 | VJ19: 0 | VK19: 0 | VL19: 570 | VM19: 812.4 | VN19: 0 | VO19: 0 | VP19: 0 | VQ19: 0 | VR19: 0 | VS19: 127.125 | VT19: 0 | VU19: 1522.8 | VV19: 0 | VW19: 1093.2 | VX19: 0 | VY19: 0 | VZ19: 0 | WA19: 0 | WB19: 1215.6 | WC19: 0 | WD19: 47.7 | WE19: 0 | WF19: 0 | WG19: 0 | WH19: 0 | WI19: 0 | WJ19: 1161.3 | WK19: 0 | WL19: 1380.6 | WM19: 469.5 | WN19: 0 | WO19: 0 | WP19: 111 | WQ19: 0 | WR19: 3096.9 | WS19: 5054.94 | WT19: 0 | WU19: 0 | WV19: 5074.92 | WW19: 1793.76 | WX19: 1215.45 | WY19: 4548.78 | WZ19: 1443 | XA19: 555 | XB19: 0 | XC19: 745.92 | XD19: 0 | XE19: 5501.16 | XF19: 0 | XG19: 482.85 | XH19: 0 | XI19: 0 | XJ19: 1998 | XK19: 0 | XL19: 3850.59 | XM19: 1887 | XN19: 0 | XO19: 888 | XP19: 4243.53 | XQ19: 0 | XR19: 0 | XS19: 0 | XT19: 0 | XU19: 2664 | XV19: 0 | XW19: 1670.55 | XX19: 0 | XY19: 0 | XZ19: 2109 | YA19: 3757.35 | YB19: 0 | YC19: 0 | YD19: 0 | YE19: 0 | YF19: 0 | YG19: 376.29 | YH19: 0 | YI19: 5634.36 | YJ19: 0 | YK19: 4044.84 | YL19: 0 | YM19: 0 | YN19: 0 | YO19: 0 | YP19: 4047.948 | YQ19: 0 | YR19: 176.49 | YS19: 0 | YT19: 0 | YU19: 0 | YV19: 0 | YW19: 0 | YX19: 3867.129 | YY19: 0 | YZ19: 5619.042 | ZA19: 2171.4375 | ZB19: 0 | ZC19: 0 | ZD19: 393 | ZE19: 0 | ZF19: 12183 | ZG19: 17897.22 | ZH19: 0 | ZI19: 0 | ZJ19: 17967.96 | ZK19: 6350.88 | ZL19: 4733.685 | ZM19: 16105.14 | ZN19: 5109 | ZO19: 1965 | ZP19: 0 | ZQ19: 3301.2 | ZR19: 0 | ZS19: 19477.08 | ZT19: 0 | ZU19: 1709.55 | ZV19: 0 | ZW19: 0 | ZX19: 6366.6 | ZY19: 0 | ZZ19: 12269.853 | AAA19: 6681 | AAB19: 0 | AAC19: 3930 | AAD19: 13521.951 | AAE19: 0 | AAF19: 0 | AAG19: 0 | AAH19: 0 | AAI19: 10375.2 | AAJ19: 0 | AAK19: 5914.65 | AAL19: 0 | AAM19: 0 | AAN19: 7467 | AAO19: 10642.44 | AAP19: 0 | AAQ19: 0 | AAR19: 0 | AAS19: 0 | AAT19: 0 | AAU19: 1332.27 | AAV19: 0 | AAW19: 19948.68 | AAX19: 0 | AAY19: 14320.92 | AAZ19: 0 | ABA19: 0 | ABB19: 0 | ABC19: 0 | ABD19: 15924.36 | ABE19: 0 | ABF19: 781.0875 | ABG19: 0 | ABH19: 0 | ABI19: 0 | ABJ19: 0 | ABK19: 0 | ABL19: 16734.333 | ABM19: 0 | ABN19: 18085.86 | ABO19: 7688.0625 | ABP19: 0 | ABQ19: 0 | ABR19: 147 | ABS19: 0 | ABT19: 4557 | ABU19: 6024.942 | ABV19: 0 | ABW19: 0 | ABX19: 6720.84 | ABY19: 2375.52 | ABZ19: 1609.65 | ACA19: 6024.06 | ACB19: 1911 | ACC19: 808.5 | ACD19: 0 | ACE19: 987.84 | ACF19: 0 | ACG19: 7285.32 | ACH19: 0 | ACI19: 575.505 | ACJ19: 0 | ACK19: 0 | ACL19: 3307.5 | ACM19: 0 | ACN19: 6374.2875 | ACO19: 2499 | ACP19: 0 | ACQ19: 1176 | ACR19: 5619.81 | ACS19: 0 | ACT19: 0 | ACU19: 0 | ACV19: 0 | ACW19: 3175.2 | ACX19: 0 | ACY19: 1991.115 | ACZ19: 0 | ADA19: 0 | ADB19: 2793 | ADC19: 3980.76 | ADD19: 0 | ADE19: 0 | ADF19: 0 | ADG19: 0 | ADH19: 0 | ADI19: 498.33 | ADJ19: 0 | ADK19: 7461.72 | ADL19: 0 | ADM19: 5356.68 | ADN19: 0 | ADO19: 0 | ADP19: 0 | ADQ19: 0 | ADR19: 5956.44 | ADS19: 0 | ADT19: 233.73 | ADU19: 0 | ADV19: 0 | ADW19: 0 | ADX19: 0 | ADY19: 0 | ADZ19: 5690.37 | AEA19: 0 | AEB19: 6764.94 | AEC19: 2300.55 | AED19: 0 | AEE19: 0 | AEF19: 66 | AEG19: 0 | AEH19: 2046 | AEI19: 3306.204 | AEJ19: 0 | AEK19: 0 | AEL19: 3017.52 | AEM19: 1333.2 | AEN19: 722.7 | AEO19: 2704.68 | AEP19: 943.8 | AEQ19: 363 | AER19: 0 | AES19: 443.52 | AET19: 0 | AEU19: 3270.96 | AEV19: 0 | AEW19: 258.39 | AEX19: 0 | AEY19: 0 | AEZ19: 1069.2 | AFA19: 0 | AFB19: 2518.494 | AFC19: 1122 | AFD19: 0 | AFE19: 528 | AFF19: 2523.18 | AFG19: 0 | AFH19: 0 | AFI19: 0 | AFJ19: 0 | AFK19: 1584 | AFL19: 0 | AFM19: 993.3 | AFN19: 0 | AFO19: 0 | AFP19: 1254 | AFQ19: 1787.28 | AFR19: 0 | AFS19: 0 | AFT19: 0 | AFU19: 0 | AFV19: 0 | AFW19: 246.114 | AFX19: 0 | AFY19: 3350.16 | AFZ19: 0 | AGA19: 2405.04 | AGB19: 0 | AGC19: 0 | AGD19: 0 | AGE19: 0 | AGF19: 2406.888 | AGG19: 0 | AGH19: 104.94 | AGI19: 0 | AGJ19: 0 | AGK19: 0 | AGL19: 0 | AGM19: 0 | AGN19: 2554.86 | AGO19: 0 | AGP19: 3037.32 | AGQ19: 1032.9 | AGR19: 0 | AGS19: 0 | AGU19: =IF($P19>0,CH19*$K19,0) -> 11 | AGV19: =IF($P19>0,EV19*$K19,0) -> 236 | AGW19: =IF($P19>0,HJ19*$K19,0) -> 181 | AGX19: =IF($P19>0,JX19*$K19,0) -> 86 | AGY19: =IF($P19>0,ML19*$K19,0) -> 312 | AGZ19: =IF($P19>0,OZ19*$K19,0) -> 59 | AHA19: =IF($P19>0,RN19*$K19,0) -> 252 | AHB19: =IF($P19>0,UB19*$K19,0) -> 30 | AHC19: =IF($P19>0,WP19*$K19,0) -> 111 | AHD19: =IF($P19>0,ZD19*$K19,0) -> 393 | AHE19: =IF($P19>0,ABR19*$K19,0) -> 147 | AHF19: =IF($P19>0,AEF19*$K19,0) -> 66
F20: ASSY-002 | H20: CH-013 | I20: part 13 | K20: 1 | L20: SPEC-A | P20: 0 | R20: FM | S20: BD | AA20: 15.44 | AE20: 44.13 | AF20: 9 | AG20: 15 | AH20: 33.77 | AI20: 13 | AJ20: 37 | AL20: 21.69 | AM20: 17.11 | AQ20: 53.18 | AS20: 40.46 | AW20: 41.94 | AZ20: 4 | BB20: 20.77 | BI20: 57.51 | BK20: 38.33 | BN20: 30.78 | BO20: 58.21 | BV20: 16.68 | BX20: 55.54 | BZ20: 26.59 | CB20: 39.2 | CC20: 57.41 | CE20: 32.5 | CF20: 8.75 | CG20: 18.01 | CH20: 119 | CI20: 0 | CJ20: 0 | CK20: 0 | CL20: 0 | CM20: 0 | CN20: 0 | CO20: 2296.7 | CP20: 0 | CQ20: 0 | CR20: 0 | CS20: 5251.47 | CT20: 1338.75 | CU20: 1606.5 | CV20: 4018.63 | CW20: 1547 | CX20: 4403 | CY20: 0 | CZ20: 2581.11 | DA20: 2036.09 | DB20: 0 | DC20: 0 | DD20: 0 | DE20: 6328.42 | DF20: 0 | DG20: 4814.74 | DH20: 0 | DI20: 0 | DJ20: 0 | DK20: 4990.86 | DL20: 0 | DM20: 0 | DN20: 476 | DO20: 0 | DP20: 2471.63 | DQ20: 0 | DR20: 0 | DS20: 0 | DT20: 0 | DU20: 0 | DV20: 0 | DW20: 6843.69 | DX20: 0 | DY20: 4561.27 | DZ20: 0 | EA20: 0 | EB20: 3662.82 | EC20: 6926.99 | ED20: 0 | EE20: 0 | EF20: 0 | EG20: 0 | EH20: 0 | EI20: 0 | EJ20: 1984.92 | EK20: 0 | EL20: 6609.26 | EM20: 0 | EN20: 3164.21 | EO20: 0 | EP20: 4664.8 | EQ20: 6831.79 | ER20: 0 | ES20: 3867.5 | ET20: 1041.25 | EU20: 2678.9875 | EV20: 29 | EW20: 0 | EX20: 0 | EY20: 0 | EZ20: 0 | FA20: 0 | FB20: 0 | FC20: 447.76 | FD20: 0 | FE20: 0 | FF20: 0 | FG20: 1279.77 | FH20: 261 | FI20: 435 | FJ20: 1224.1625 | FK20: 377 | FL20: 1073 | FM20: 0 | FN20: 629.01 | FO20: 446.571 | FP20: 0 | FQ20: 0 | FR20: 0 | FS20: 1927.775 | FT20: 0 | FU20: 1056.006 | FV20: 0 | FW20: 0 | FX20: 0 | FY20: 1520.325 | FZ20: 0 | GA20: 0 | GB20: 116 | GC20: 0 | GD20: 602.33 | GE20: 0 | GF20: 0 | GG20: 0 | GH20: 0 | GI20: 0 | GJ20: 0 | GK20: 1667.79 | GL20: 0 | GM20: 1111.57 | GN20: 0 | GO20: 0 | GP20: 981.882 | GQ20: 1688.09 | GR20: 0 | GS20: 0 | GT20: 0 | GU20: 0 | GV20: 0 | GW20: 0 | GX20: 532.092 | GY20: 0 | GZ20: 1610.66 | HA20: 0 | HB20: 963.8875 | HC20: 0 | HD20: 1136.8 | HE20: 1664.89 | HF20: 0 | HG20: 942.5 | HH20: 253.75 | HI20: 522.29 | HJ20: 54 | HK20: 0 | HL20: 0 | HM20: 0 | HN20: 0 | HO20: 0 | HP20: 0 | HQ20: 833.76 | HR20: 0 | HS20: 0 | HT20: 0 | HU20: 2621.322 | HV20: 486 | HW20: 1012.5 | HX20: 2005.938 | HY20: 702 | HZ20: 1998 | IA20: 0 | IB20: 1288.386 | IC20: 923.94 | ID20: 0 | IE20: 0 | IF20: 0 | IG20: 3589.65 | IH20: 0 | II20: 2184.84 | IJ20: 0 | IK20: 0 | IL20: 0 | IM20: 2264.76 | IN20: 0 | IO20: 0 | IP20: 216 | IQ20: 0 | IR20: 1401.975 | IS20: 0 | IT20: 0 | IU20: 0 | IV20: 0 | IW20: 0 | IX20: 0 | IY20: 3105.54 | IZ20: 0 | JA20: 2069.82 | JB20: 0 | JC20: 0 | JD20: 1828.332 | JE20: 3143.34 | JF20: 0 | JG20: 0 | JH20: 0 | JI20: 0 | JJ20: 0 | JK20: 0 | JL20: 900.72 | JM20: 0 | JN20: 2999.16 | JO20: 0 | JP20: 1794.825 | JQ20: 0 | JR20: 2116.8 | JS20: 3100.14 | JT20: 0 | JU20: 1930.5 | JV20: 472.5 | JW20: 972.54 | JX20: 232 | JY20: 0 | JZ20: 0 | KA20: 0 | KB20: 0 | KC20: 0 | KD20: 0 | KE20: 4477.6 | KF20: 0 | KG20: 0 | KH20: 0 | KI20: 9214.344 | KJ20: 2088 | KK20: 3480 | KL20: 7834.64 | KM20: 3016 | KN20: 9442.4 | KO20: 0 | KP20: 5535.288 | KQ20: 3969.52 | KR20: 0 | KS20: 0 | KT20: 0 | KU20: 12337.76 | KV20: 0 | KW20: 9386.72 | KX20: 0 | KY20: 0 | KZ20: 0 | LA20: 10703.088 | LB20: 0 | LC20: 0 | LD20: 928 | LE20: 0 | LF20: 4818.64 | LG20: 0 | LH20: 0 | LI20: 0 | LJ20: 0 | LK20: 0 | LL20: 0 | LM20: 13342.32 | LN20: 0 | LO20: 8892.56 | LP20: 0 | LQ20: 0 | LR20: 7140.96 | LS20: 13504.72 | LT20: 0 | LU20: 0 | LV20: 0 | LW20: 0 | LX20: 0 | LY20: 0 | LZ20: 3482.784 | MA20: 0 | MB20: 12885.28 | MC20: 0 | MD20: 6168.88 | ME20: 0 | MF20: 9094.4 | MG20: 13319.12 | MH20: 0 | MI20: 6786 | MJ20: 2537.5 | MK20: 3760.488 | ML20: 224 | MM20: 0 | MN20: 0 | MO20: 0 | MP20: 0 | MQ20: 0 | MR20: 0 | MS20: 3458.56 | MT20: 0 | MU20: 0 | MV20: 0 | MW20: 9885.12 | MX20: 2016 | MY20: 3696 | MZ20: 6808.032 | NA20: 3203.2 | NB20: 8288 | NC20: 0 | ND20: 4858.56 | NE20: 3832.64 | NF20: 0 | NG20: 0 | NH20: 0 | NI20: 11912.32 | NJ20: 0 | NK20: 8156.736 | NL20: 0 | NM20: 0 | NN20: 0 | NO20: 8455.104 | NP20: 0 | NQ20: 0 | NR20: 896 | NS20: 0 | NT20: 4187.232 | NU20: 0 | NV20: 0 | NW20: 0 | NX20: 0 | NY20: 0 | NZ20: 0 | OA20: 12882.24 | OB20: 0 | OC20: 8585.92 | OD20: 0 | OE20: 0 | OF20: 6894.72 | OG20: 16298.8 | OH20: 0 | OI20: 0 | OJ20: 0 | OK20: 0 | OL20: 0 | OM20: 0 | ON20: 3736.32 | OO20: 0 | OP20: 12440.96 | OQ20: 0 | OR20: 5956.16 | OS20: 0 | OT20: 8780.8 | OU20: 12859.84 | OV20: 0 | OW20: 6552 | OX20: 1764 | OY20: 4034.24 | OZ20: 45 | PA20: 0 | PB20: 0 | PC20: 0 | PD20: 0 | PE20: 0 | PF20: 0 | PG20: 764.28 | PH20: 0 | PI20: 0 | PJ20: 0 | PK20: 1985.85 | PL20: 405 | PM20: 675 | PN20: 1367.685 | PO20: 585 | PP20: 1665 | PQ20: 0 | PR20: 976.05 | PS20: 769.95 | PT20: 0 | PU20: 0 | PV20: 0 | PW20: 2393.1 | PX20: 0 | PY20: 2275.875 | PZ20: 0 | QA20: 0 | QB20: 0 | QC20: 2359.125 | QD20: 0 | QE20: 0 | QF20: 162 | QG20: 0 | QH20: 934.65 | QI20: 0 | QJ20: 0 | QK20: 0 | QL20: 0 | QM20: 0 | QN20: 0 | QO20: 2846.745 | QP20: 0 | QQ20: 1724.85 | QR20: 0 | QS20: 0 | QT20: 1246.59 | QU20: 2619.45 | QV20: 0 | QW20: 0 | QX20: 0 | QY20: 0 | QZ20: 0 | RA20: 0 | RB20: 675.54 | RC20: 0 | RD20: 2499.3 | RE20: 0 | RF20: 1196.55 | RG20: 0 | RH20: 1764 | RI20: 2583.45 | RJ20: 0 | RK20: 1828.125 | RL20: 393.75 | RM20: 891.495 | RN20: 133 | RO20: 0 | RP20: 0 | RQ20: 0 | RR20: 0 | RS20: 0 | RT20: 0 | RU20: 2053.52 | RV20: 0 | RW20: 0 | RX20: 0 | RY20: 5869.29 | RZ20: 1197 | SA20: 1995 | SB20: 4491.41 | SC20: 1901.9 | SD20: 4921 | SE20: 0 | SF20: 2884.77 | SG20: 2275.63 | SH20: 0 | SI20: 0 | SJ20: 0 | SK20: 7072.94 | SL20: 0 | SM20: 5381.18 | SN20: 0 | SO20: 0 | SP20: 0 | SQ20: 5578.02 | SR20: 0 | SS20: 0 | ST20: 532 | SU20: 0 | SV20: 2762.41 | SW20: 0 | SX20: 0 | SY20: 0 | SZ20: 0 | TA20: 0 | TB20: 0 | TC20: 7648.83 | TD20: 0 | TE20: 5097.89 | TF20: 0 | TG20: 0 | TH20: 4503.114 | TI20: 7741.93 | TJ20: 0 | TK20: 0 | TL20: 0 | TM20: 0 | TN20: 0 | TO20: 0 | TP20: 2218.44 | TQ20: 0 | TR20: 9233.525 | TS20: 0 | TT20: 3182.823 | TU20: 0 | TV20: 5213.6 | TW20: 7635.53 | TX20: 0 | TY20: 4322.5 | TZ20: 1163.75 | UA20: 2395.33 | UB20: 56 | UC20: 0 | UD20: 0 | UE20: 0 | UF20: 0 | UG20: 0 | UH20: 0 | UI20: 864.64 | UJ20: 0 | UK20: 0 | UL20: 0 | UM20: 2471.28 | UN20: 504 | UO20: 840 | UP20: 1891.12 | UQ20: 910 | UR20: 1864.8 | US20: 0 | UT20: 1214.64 | UU20: 958.16 | UV20: 0 | UW20: 0 | UX20: 0 | UY20: 2978.08 | UZ20: 0 | VA20: 2265.76 | VB20: 0 | VC20: 0 | VD20: 0 | VE20: 2348.64 | VF20: 0 | VG20: 0 | VH20: 224 | VI20: 0 | VJ20: 1163.12 | VK20: 0 | VL20: 0 | VM20: 0 | VN20: 0 | VO20: 0 | VP20: 0 | VQ20: 3220.56 | VR20: 0 | VS20: 2683.1 | VT20: 0 | VU20: 0 | VV20: 1723.68 | VW20: 3259.76 | VX20: 0 | VY20: 0 | VZ20: 0 | WA20: 0 | WB20: 0 | WC20: 0 | WD20: 934.08 | WE20: 0 | WF20: 3110.24 | WG20: 0 | WH20: 1861.3 | WI20: 0 | WJ20: 2195.2 | WK20: 3536.456 | WL20: 0 | WM20: 1820 | WN20: 490 | WO20: 1008.56 | WP20: 292 | WQ20: 0 | WR20: 0 | WS20: 0 | WT20: 0 | WU20: 0 | WV20: 0 | WW20: 4508.48 | WX20: 0 | WY20: 0 | WZ20: 0 | XA20: 12885.96 | XB20: 2628 | XC20: 4380 | XD20: 9860.84 | XE20: 3796 | XF20: 10804 | XG20: 0 | XH20: 6333.48 | XI20: 6245.15 | XJ20: 0 | XK20: 0 | XL20: 0 | XM20: 15528.56 | XN20: 0 | XO20: 11814.32 | XP20: 0 | XQ20: 0 | XR20: 0 | XS20: 15308.1 | XT20: 0 | XU20: 0 | XV20: 1051.2 | XW20: 0 | XX20: 5458.356 | XY20: 0 | XZ20: 0 | YA20: 0 | YB20: 0 | YC20: 0 | YD20: 0 | YE20: 16792.92 | YF20: 0 | YG20: 11192.36 | YH20: 0 | YI20: 0 | YJ20: 8088.984 | YK20: 16997.32 | YL20: 0 | YM20: 0 | YN20: 0 | YO20: 0 | YP20: 0 | YQ20: 0 | YR20: 4870.56 | YS20: 0 | YT20: 14595.912 | YU20: 0 | YV20: 7764.28 | YW20: 0 | YX20: 10301.76 | YY20: 20954.65 | YZ20: 0 | ZA20: 11862.5 | ZB20: 2555 | ZC20: 5258.92 | ZD20: 227 | ZE20: 0 | ZF20: 0 | ZG20: 0 | ZH20: 0 | ZI20: 0 | ZJ20: 0 | ZK20: 3504.88 | ZL20: 0 | ZM20: 0 | ZN20: 0 | ZO20: 10017.51 | ZP20: 2043 | ZQ20: 4256.25 | ZR20: 7665.79 | ZS20: 2951 | ZT20: 7559.1 | ZU20: 0 | ZV20: 4923.63 | ZW20: 3883.97 | ZX20: 0 | ZY20: 0 | ZZ20: 0 | AAA20: 12071.86 | AAB20: 0 | AAC20: 11480.525 | AAD20: 0 | AAE20: 0 | AAF20: 0 | AAG20: 9520.38 | AAH20: 0 | AAI20: 0 | AAJ20: 1135 | AAK20: 0 | AAL20: 4714.79 | AAM20: 0 | AAN20: 0 | AAO20: 0 | AAP20: 0 | AAQ20: 0 | AAR20: 0 | AAS20: 13054.77 | AAT20: 0 | AAU20: 8700.91 | AAV20: 0 | AAW20: 0 | AAX20: 6987.06 | AAY20: 13213.67 | AAZ20: 0 | ABA20: 0 | ABB20: 0 | ABC20: 0 | ABD20: 0 | ABE20: 0 | ABF20: 4732.95 | ABG20: 0 | ABH20: 12607.58 | ABI20: 0 | ABJ20: 5432.337 | ABK20: 0 | ABL20: 9788.24 | ABM20: 13032.07 | ABN20: 0 | ABO20: 9221.875 | ABP20: 1986.25 | ABQ20: 4088.27 | ABR20: 40 | ABS20: 0 | ABT20: 0 | ABU20: 0 | ABV20: 0 | ABW20: 0 | ABX20: 0 | ABY20: 617.6 | ABZ20: 0 | ACA20: 0 | ACB20: 0 | ACC20: 1941.72 | ACD20: 360 | ACE20: 600 | ACF20: 1688.5 | ACG20: 520 | ACH20: 1480 | ACI20: 0 | ACJ20: 954.36 | ACK20: 752.84 | ACL20: 0 | ACM20: 0 | ACN20: 0 | ACO20: 2127.2 | ACP20: 0 | ACQ20: 1618.4 | ACR20: 0 | ACS20: 0 | ACT20: 0 | ACU20: 1677.6 | ACV20: 0 | ACW20: 0 | ACX20: 176 | ACY20: 0 | ACZ20: 830.8 | ADA20: 0 | ADB20: 0 | ADC20: 0 | ADD20: 0 | ADE20: 0 | ADF20: 0 | ADG20: 2300.4 | ADH20: 0 | ADI20: 1533.2 | ADJ20: 0 | ADK20: 0 | ADL20: 1231.2 | ADM20: 2328.4 | ADN20: 0 | ADO20: 0 | ADP20: 0 | ADQ20: 0 | ADR20: 0 | ADS20: 0 | ADT20: 667.2 | ADU20: 0 | ADV20: 1999.44 | ADW20: 0 | ADX20: 1063.6 | ADY20: 0 | ADZ20: 1568 | AEA20: 2296.4 | AEB20: 0 | AEC20: 1300 | AED20: 437.5 | AEE20: 720.4 | AEF20: 299 | AEG20: 0 | AEH20: 0 | AEI20: 0 | AEJ20: 0 | AEK20: 0 | AEL20: 0 | AEM20: 5770.7 | AEN20: 0 | AEO20: 0 | AEP20: 0 | AEQ20: 14514.357 | AER20: 3363.75 | AES20: 4485 | AET20: 10097.23 | AEU20: 3887 | AEV20: 9956.7 | AEW20: 0 | AEX20: 8106.6375 | AEY20: 5115.89 | AEZ20: 0 | AFA20: 0 | AFB20: 0 | AFC20: 15900.82 | AFD20: 0 | AFE20: 12097.54 | AFF20: 0 | AFG20: 0 | AFH20: 0 | AFI20: 13794.066 | AFJ20: 0 | AFK20: 0 | AFL20: 1196 | AFM20: 0 | AFN20: 5589.207 | AFO20: 0 | AFP20: 0 | AFQ20: 0 | AFR20: 0 | AFS20: 0 | AFT20: 0 | AFU20: 17195.49 | AFV20: 0 | AFW20: 12606.737 | AFX20: 0 | AFY20: 0 | AFZ20: 8282.898 | AGA20: 17404.79 | AGB20: 0 | AGC20: 0 | AGD20: 0 | AGE20: 0 | AGF20: 0 | AGG20: 0 | AGH20: 4987.32 | AGI20: 0 | AGJ20: 20758.075 | AGK20: 0 | AGL20: 8745.451 | AGM20: 0 | AGN20: 11720.8 | AGO20: 17165.59 | AGP20: 0 | AGQ20: 9717.5 | AGR20: 2354.625 | AGS20: 5923.489 | AGU20: =IF($P20>0,CH20*$K20,0) -> 0 | AGV20: =IF($P20>0,EV20*$K20,0) -> 0 | AGW20: =IF($P20>0,HJ20*$K20,0) -> 0 | AGX20: =IF($P20>0,JX20*$K20,0) -> 0 | AGY20: =IF($P20>0,ML20*$K20,0) -> 0 | AGZ20: =IF($P20>0,OZ20*$K20,0) -> 0 | AHA20: =IF($P20>0,RN20*$K20,0) -> 0 | AHB20: =IF($P20>0,UB20*$K20,0) -> 0 | AHC20: =IF($P20>0,WP20*$K20,0) -> 0 | AHD20: =IF($P20>0,ZD20*$K20,0) -> 0 | AHE20: =IF($P20>0,ABR20*$K20,0) -> 0 | AHF20: =IF($P20>0,AEF20*$K20,0) -> 0
F21: ASSY-008 | H21: CH-014 | I21: part 14 | K21: 1 | L21: 15.88 | P21: 2 | R21: FM | S21: BD | Y21: 30 | AA21: 49.31 | AB21: 12.14 | AE21: 21 | AF21: 59.26 | AG21: 11 | AI21: 31.5 | AJ21: 34 | AK21: 10 | AN21: 37.03 | AO21: 7 | AW21: 1 | AZ21: 59.58 | BA21: 18 | BH21: 33.77 | BJ21: 32 | BL21: 48.37 | BO21: 22 | BP21: 16 | BR21: 54.72 | BS21: 34.33 | CH21: 373 | CI21: 0 | CJ21: 0 | CK21: 0 | CL21: 0 | CM21: 10071 | CN21: 0 | CO21: 22990.787 | CP21: 4528.22 | CQ21: 0 | CR21: 0 | CS21: 7833 | CT21: 27629.975 | CU21: 3692.7 | CV21: 0 | CW21: 11749.5 | CX21: 12682 | CY21: 3730 | CZ21: 0 | DA21: 0 | DB21: 13812.19 | DC21: 2611 | DD21: 0 | DE21: 0 | DF21: 0 | DG21: 0 | DH21: 0 | DI21: 0 | DJ21: 0 | DK21: 373 | DL21: 0 | DM21: 0 | DN21: 22223.34 | DO21: 7385.4 | DP21: 0 | DQ21: 0 | DR21: 0 | DS21: 0 | DT21: 0 | DU21: 0 | DV21: 12596.21 | DW21: 0 | DX21: 11936 | DY21: 0 | DZ21: 18042.01 | EA21: 0 | EB21: 0 | EC21: 8206 | ED21: 7460 | EE21: 0 | EF21: 22451.616 | EG21: 12805.09 | EH21: 0 | EI21: 0 | EJ21: 0 | EK21: 0 | EL21: 0 | EM21: 0 | EN21: 0 | EO21: 0 | EP21: 0 | EQ21: 0 | ER21: 0 | ES21: 0 | ET21: 0 | EU21: 0 | EV21: 229 | EW21: 0 | EX21: 0 | EY21: 0 | EZ21: 0 | FA21: 8587.5 | FB21: 0 | FC21: 11291.99 | FD21: 2780.06 | FE21: 0 | FF21: 0 | FG21: 4809 | FH21: 13570.54 | FI21: 2519 | FJ21: 0 | FK21: 7213.5 | FL21: 7786 | FM21: 2290 | FN21: 0 | FO21: 0 | FP21: 7631.883 | FQ21: 1603 | FR21: 0 | FS21: 0 | FT21: 0 | FU21: 0 | FV21: 0 | FW21: 0 | FX21: 0 | FY21: 286.25 | FZ21: 0 | GA21: 0 | GB21: 13643.82 | GC21: 4122 | GD21: 0 | GE21: 0 | GF21: 0 | GG21: 0 | GH21: 0 | GI21: 0 | GJ21: 7733.33 | GK21: 0 | GL21: 7328 | GM21: 0 | GN21: 13845.913 | GO21: 0 | GP21: 0 | GQ21: 5038 | GR21: 3664 | GS21: 0 | GT21: 12530.88 | GU21: 7861.57 | GV21: 0 | GW21: 0 | GX21: 0 | GY21: 0 | GZ21: 0 | HA21: 0 | HB21: 0 | HC21: 0 | HD21: 0 | HE21: 0 | HF21: 0 | HG21: 0 | HH21: 0 | HI21: 0 | HJ21: 147 | HK21: 0 | HL21: 0 | HM21: 0 | HN21: 0 | HO21: 4410 | HP21: 0 | HQ21: 7248.57 | HR21: 1963.038 | HS21: 0 | HT21: 0 | HU21: 3395.7 | HV21: 8711.22 | HW21: 2021.25 | HX21: 0 | HY21: 4630.5 | HZ21: 4998 | IA21: 1837.5 | IB21: 0 | IC21: 0 | ID21: 6804.2625 | IE21: 1029 | IF21: 0 | IG21: 0 | IH21: 0 | II21: 0 | IJ21: 0 | IK21: 0 | IL21: 0 | IM21: 147 | IN21: 0 | IO21: 0 | IP21: 8758.26 | IQ21: 2646 | IR21: 0 | IS21: 0 | IT21: 0 | IU21: 0 | IV21: 0 | IW21: 0 | IX21: 4964.19 | IY21: 0 | IZ21: 4704 | JA21: 0 | JB21: 8887.9875 | JC21: 0 | JD21: 0 | JE21: 3234 | JF21: 2352 | JG21: 0 | JH21: 7239.456 | JI21: 5046.51 | JJ21: 0 | JK21: 0 | JL21: 0 | JM21: 0 | JN21: 0 | JO21: 0 | JP21: 0 | JQ21: 0 | JR21: 0 | JS21: 0 | JT21: 0 | JU21: 0 | JV21: 0 | JW21: 0 | JX21: 311 | JY21: 0 | JZ21: 0 | KA21: 0 | KB21: 0 | KC21: 9330 | KD21: 0 | KE21: 19169.263 | KF21: 3775.54 | KG21: 0 | KH21: 0 | KI21: 5877.9 | KJ21: 18429.86 | KK21: 3421 | KL21: 0 | KM21: 9796.5 | KN21: 11631.4 | KO21: 3887.5 | KP21: 0 | KQ21: 0 | KR21: 14395.413 | KS21: 2177 | KT21: 0 | KU21: 0 | KV21: 0 | KW21: 0 | KX21: 0 | KY21: 0 | KZ21: 0 | LA21: 342.1 | LB21: 0 | LC21: 0 | LD21: 18529.38 | LE21: 6157.8 | LF21: 0 | LG21: 0 | LH21: 0 | LI21: 0 | LJ21: 0 | LK21: 0 | LL21: 10502.47 | LM21: 0 | LN21: 9952 | LO21: 0 | LP21: 15043.07 | LQ21: 0 | LR21: 0 | LS21: 6842 | LT21: 4976 | LU21: 0 | LV21: 17017.92 | LW21: 10676.63 | LX21: 0 | LY21: 0 | LZ21: 0 | MA21: 0 | MB21: 0 | MC21: 0 | MD21: 0 | ME21: 0 | MF21: 0 | MG21: 0 | MH21: 0 | MI21: 0 | MJ21: 0 | MK21: 0 | ML21: 37 | MM21: 0 | MN21: 0 | MO21: 0 | MP21: 0 | MQ21: 1110 | MR21: 0 | MS21: 1824.47 | MT21: 449.18 | MU21: 0 | MV21: 0 | MW21: 777 | MX21: 2192.62 | MY21: 447.7 | MZ21: 0 | NA21: 1282.05 | NB21: 1258 | NC21: 462.5 | ND21: 0 | NE21: 0 | NF21: 1370.11 | NG21: 259 | NH21: 0 | NI21: 0 | NJ21: 0 | NK21: 0 | NL21: 0 | NM21: 0 | NN21: 0 | NO21: 33.3 | NP21: 0 | NQ21: 0 | NR21: 2204.46 | NS21: 666 | NT21: 0 | NU21: 0 | NV21: 0 | NW21: 0 | NX21: 0 | NY21: 0 | NZ21: 1249.49 | OA21: 0 | OB21: 1302.4 | OC21: 0 | OD21: 1610.721 | OE21: 0 | OF21: 0 | OG21: 1017.5 | OH21: 592 | OI21: 0 | OJ21: 2024.64 | OK21: 1270.21 | OL21: 0 | OM21: 0 | ON21: 0 | OO21: 0 | OP21: 0 | OQ21: 0 | OR21: 0 | OS21: 0 | OT21: 0 | OU21: 0 | OV21: 0 | OW21: 0 | OX21: 0 | OY21: 0 | OZ21: 60 | PA21: 0 | PB21: 0 | PC21: 0 | PD21: 0 | PE21: 1980 | PF21: 0 | PG21: 3254.46 | PH21: 728.4 | PI21: 0 | PJ21: 0 | PK21: 1260 | PL21: 3555.6 | PM21: 660 | PN21: 0 | PO21: 1890 | PP21: 2040 | PQ21: 600 | PR21: 0 | PS21: 0 | PT21: 2443.98 | PU21: 420 | PV21: 0 | PW21: 0 | PX21: 0 | PY21: 0 | PZ21: 0 | QA21: 0 | QB21: 0 | QC21: 75 | QD21: 0 | QE21: 0 | QF21: 3217.32 | QG21: 1080 | QH21: 0 | QI21: 0 | QJ21: 0 | QK21: 0 | QL21: 0 | QM21: 0 | QN21: 2026.2 | QO21: 0 | QP21: 1920 | QQ21: 0 | QR21: 3192.42 | QS21: 0 | QT21: 0 | QU21: 1320 | QV21: 960 | QW21: 0 | QX21: 4104 | QY21: 2059.8 | QZ21: 0 | RA21: 0 | RB21: 0 | RC21: 0 | RD21: 0 | RE21: 0 | RF21: 0 | RG21: 0 | RH21: 0 | RI21: 0 | RJ21: 0 | RK21: 0 | RL21: 0 | RM21: 0 | RN21: 262 | RO21: 0 | RP21: 0 | RQ21: 0 | RR21: 0 | RS21: 7860 | RT21: 0 | RU21: 12919.22 | RV21: 3180.68 | RW21: 0 | RX21: 0 | RY21: 5502 | RZ21: 15526.12 | SA21: 2882 | SB21: 0 | SC21: 9078.3 | SD21: 8908 | SE21: 3275 | SF21: 0 | SG21: 0 | SH21: 9701.86 | SI21: 1834 | SJ21: 0 | SK21: 0 | SL21: 0 | SM21: 0 | SN21: 0 | SO21: 0 | SP21: 0 | SQ21: 262 | SR21: 0 | SS21: 0 | ST21: 15609.96 | SU21: 4716 | SV21: 0 | SW21: 0 | SX21: 0 | SY21: 0 | SZ21: 0 | TA21: 0 | TB21: 8847.74 | TC21: 0 | TD21: 8384 | TE21: 0 | TF21: 12672.94 | TG21: 0 | TH21: 0 | TI21: 5764 | TJ21: 4192 | TK21: 0 | TL21: 14336.64 | TM21: 8994.46 | TN21: 0 | TO21: 0 | TP21: 0 | TQ21: 0 | TR21: 0 | TS21: 0 | TT21: 0 | TU21: 0 | TV21: 0 | TW21: 0 | TX21: 0 | TY21: 0 | TZ21: 0 | UA21: 0 | UB21: 214 | UC21: 0 | UD21: 0 | UE21: 0 | UF21: 0 | UG21: 6420 | UH21: 0 | UI21: 10552.34 | UJ21: 2857.756 | UK21: 0 | UL21: 0 | UM21: 4494 | UN21: 12681.64 | UO21: 2354 | UP21: 0 | UQ21: 8426.25 | UR21: 6548.4 | US21: 2140 | UT21: 0 | UU21: 0 | UV21: 7924.42 | UW21: 1647.8 | UX21: 0 | UY21: 0 | UZ21: 0 | VA21: 0 | VB21: 0 | VC21: 0 | VD21: 0 | VE21: 214 | VF21: 0 | VG21: 0 | VH21: 12750.12 | VI21: 3852 | VJ21: 0 | VK21: 0 | VL21: 0 | VM21: 0 | VN21: 0 | VO21: 0 | VP21: 7226.78 | VQ21: 0 | VR21: 6848 | VS21: 0 | VT21: 9316.062 | VU21: 0 | VV21: 0 | VW21: 4708 | VX21: 3424 | VY21: 0 | VZ21: 11710.08 | WA21: 7346.62 | WB21: 0 | WC21: 0 | WD21: 0 | WE21: 0 | WF21: 0 | WG21: 0 | WH21: 0 | WI21: 0 | WJ21: 0 | WK21: 0 | WL21: 0 | WM21: 0 | WN21: 0 | WO21: 0 | WP21: 84 | WQ21: 0 | WR21: 0 | WS21: 0 | WT21: 0 | WU21: 2520 | WV21: 0 | WW21: 4142.04 | WX21: 1019.76 | WY21: 0 | WZ21: 0 | XA21: 1764 | XB21: 4977.84 | XC21: 924 | XD21: 0 | XE21: 2646 | XF21: 2856 | XG21: 840 | XH21: 0 | XI21: 0 | XJ21: 3110.52 | XK21: 646.8 | XL21: 0 | XM21: 0 | XN21: 0 | XO21: 0 | XP21: 0 | XQ21: 0 | XR21: 0 | XS21: 105 | XT21: 0 | XU21: 0 | XV21: 4504.248 | XW21: 1512 | XX21: 0 | XY21: 0 | XZ21: 0 | YA21: 0 | YB21: 0 | YC21: 0 | YD21: 2836.68 | YE21: 0 | YF21: 2419.2 | YG21: 0 | YH21: 4063.08 | YI21: 0 | YJ21: 0 | YK21: 1848 | YL21: 1344 | YM21: 0 | YN21: 4596.48 | YO21: 2883.72 | YP21: 0 | YQ21: 0 | YR21: 0 | YS21: 0 | YT21: 0 | YU21: 0 | YV21: 0 | YW21: 0 | YX21: 0 | YY21: 0 | YZ21: 0 | ZA21: 0 | ZB21: 0 | ZC21: 0 | ZD21: 387 | ZE21: 0 | ZF21: 0 | ZG21: 0 | ZH21: 0 | ZI21: 10449 | ZJ21: 0 | ZK21: 19082.97 | ZL21: 5167.998 | ZM21: 0 | ZN21: 0 | ZO21: 8127 | ZP21: 22933.62 | ZQ21: 5321.25 | ZR21: 0 | ZS21: 12190.5 | ZT21: 11842.2 | ZU21: 3870 | ZV21: 0 | ZW21: 0 | ZX21: 12897.549 | ZY21: 2709 | ZZ21: 0 | AAA21: 0 | AAB21: 0 | AAC21: 0 | AAD21: 0 | AAE21: 0 | AAF21: 0 | AAG21: 387 | AAH21: 0 | AAI21: 0 | AAJ21: 28821.825 | AAK21: 6966 | AAL21: 0 | AAM21: 0 | AAN21: 0 | AAO21: 0 | AAP21: 0 | AAQ21: 0 | AAR21: 13068.99 | AAS21: 0 | AAT21: 15480 | AAU21: 0 | AAV21: 18719.19 | AAW21: 0 | AAX21: 0 | AAY21: 8514 | AAZ21: 7740 | ABA21: 0 | ABB21: 23294.304 | ABC21: 13285.71 | ABD21: 0 | ABE21: 0 | ABF21: 0 | ABG21: 0 | ABH21: 0 | ABI21: 0 | ABJ21: 0 | ABK21: 0 | ABL21: 0 | ABM21: 0 | ABN21: 0 | ABO21: 0 | ABP21: 0 | ABQ21: 0 | ABR21: 175 | ABS21: 0 | ABT21: 0 | ABU21: 0 | ABV21: 0 | ABW21: 5775 | ABX21: 0 | ABY21: 8629.25 | ABZ21: 2124.5 | ACA21: 0 | ACB21: 0 | ACC21: 4042.5 | ACD21: 10370.5 | ACE21: 1925 | ACF21: 0 | ACG21: 5512.5 | ACH21: 5950 | ACI21: 1575 | ACJ21: 0 | ACK21: 0 | ACL21: 8100.3125 | ACM21: 1225 | ACN21: 0 | ACO21: 0 | ACP21: 0 | ACQ21: 0 | ACR21: 0 | ACS21: 0 | ACT21: 0 | ACU21: 175 | ACV21: 0 | ACW21: 0 | ACX21: 11469.15 | ACY21: 2835 | ACZ21: 0 | ADA21: 0 | ADB21: 0 | ADC21: 0 | ADD21: 0 | ADE21: 0 | ADF21: 6500.725 | ADG21: 0 | ADH21: 5600 | ADI21: 0 | ADJ21: 8464.75 | ADK21: 0 | ADL21: 0 | ADM21: 3850 | ADN21: 3080 | ADO21: 0 | ADP21: 9576 | ADQ21: 6608.525 | ADR21: 0 | ADS21: 0 | ADT21: 0 | ADU21: 0 | ADV21: 0 | ADW21: 0 | ADX21: 0 | ADY21: 0 | ADZ21: 0 | AEA21: 0 | AEB21: 0 | AEC21: 0 | AED21: 0 | AEE21: 0 | AEF21: 77 | AEG21: 0 | AEH21: 0 | AEI21: 0 | AEJ21: 0 | AEK21: 2310 | AEL21: 0 | AEM21: 4746.0875 | AEN21: 934.78 | AEO21: 0 | AEP21: 0 | AEQ21: 1778.7 | AER21: 5703.775 | AES21: 847 | AET21: 0 | AEU21: 2425.5 | AEV21: 2356.2 | AEW21: 693 | AEX21: 0 | AEY21: 0 | AEZ21: 2566.179 | AFA21: 539 | AFB21: 0 | AFC21: 0 | AFD21: 0 | AFE21: 0 | AFF21: 0 | AFG21: 0 | AFH21: 0 | AFI21: 84.7 | AFJ21: 0 | AFK21: 0 | AFL21: 4587.66 | AFM21: 1386 | AFN21: 0 | AFO21: 0 | AFP21: 0 | AFQ21: 0 | AFR21: 0 | AFS21: 0 | AFT21: 2600.29 | AFU21: 0 | AFV21: 2464 | AFW21: 0 | AFX21: 4655.6125 | AFY21: 0 | AFZ21: 0 | AGA21: 1694 | AGB21: 1232 | AGC21: 0 | AGD21: 4213.44 | AGE21: 2643.41 | AGF21: 0 | AGG21: 0 | AGH21: 0 | AGI21: 0 | AGJ21: 0 | AGK21: 0 | AGL21: 0 | AGM21: 0 | AGN21: 0 | AGO21: 0 | AGP21: 0 | AGQ21: 0 | AGR21: 0 | AGS21: 0 | AGU21: =IF($P21>0,CH21*$K21,0) -> 373 | AGV21: =IF($P21>0,EV21*$K21,0) -> 229 | AGW21: =IF($P21>0,HJ21*$K21,0) -> 147 | AGX21: =IF($P21>0,JX21*$K21,0) -> 311 | AGY21: =IF($P21>0,ML21*$K21,0) -> 37 | AGZ21: =IF($P21>0,OZ21*$K21,0) -> 60 | AHA21: =IF($P21>0,RN21*$K21,0) -> 262 | AHB21: =IF($P21>0,UB21*$K21,0) -> 214 | AHC21: =IF($P21>0,WP21*$K21,0) -> 84 | AHD21: =IF($P21>0,ZD21*$K21,0) -> 387 | AHE21: =IF($P21>0,ABR21*$K21,0) -> 175 | AHF21: =IF($P21>0,AEF21*$K21,0) -> 77
F22: ASSY-017 | H22: CH-015 | I22: part 15 | K22: 1 | L22: 6.35 | P22: 1 | R22: 0 | S22: BD | Y22: 25.85 | AB22: 45.04 | AC22: 22.63 | AD22: 11.36 | AE22: 56.19 | AG22: 14 | AH22: 38.18 | AI22: 3 | AJ22: 42.93 | AN22: 2.74 | AO22: 37 | AP22: 32.36 | AT22: 45.81 | AU22: 11.06 | AZ22: 46.46 | BA22: 23 | BB22: 38.09 | BE22: 37.82 | BF22: 24.36 | BH22: 15.06 | BI22: 35.63 | BJ22: 52.15 | BM22: 5 | BN22: 43.39 | BO22: 52.64 | BR22: 22.15 | BS22: 19 | BV22: 22 | BX22: 49.72 | BZ22: 17.73 | CA22: 40.19 | CB22: 42.65 | CC22: 50.27 | CD22: 50.34 | CF22: 43.63 | CH22: 378 | CI22: 0 | CJ22: 0 | CK22: 0 | CL22: 0 | CM22: 8794.17 | CN22: 0 | CO22: 0 | CP22: 17025.12 | CQ22: 9409.554 | CR22: 4294.08 | CS22: 21239.82 | CT22: 0 | CU22: 4762.8 | CV22: 14432.04 | CW22: 1134 | CX22: 16227.54 | CY22: 0 | CZ22: 0 | DA22: 0 | DB22: 1035.72 | DC22: 13986 | DD22: 12232.08 | DE22: 0 | DF22: 0 | DG22: 0 | DH22: 17316.18 | DI22: 4180.68 | DJ22: 0 | DK22: 0 | DL22: 0 | DM22: 0 | DN22: 17561.88 | DO22: 9563.4 | DP22: 14398.02 | DQ22: 0 | DR22: 0 | DS22: 14295.96 | DT22: 11510.1 | DU22: 0 | DV22: 5692.68 | DW22: 13468.14 | DX22: 19712.7 | DY22: 0 | DZ22: 0 | EA22: 1890 | EB22: 16401.42 | EC22: 19897.92 | ED22: 0 | EE22: 0 | EF22: 9209.97 | EG22: 7182 | EH22: 0 | EI22: 0 | EJ22: 8316 | EK22: 0 | EL22: 18794.16 | EM22: 0 | EN22: 6701.94 | EO22: 15191.82 | EP22: 16121.7 | EQ22: 19002.06 | ER22: 23785.65 | ES22: 0 | ET22: 16492.14 | EU22: 0 | EV22: 27 | EW22: 0 | EX22: 0 | EY22: 0 | EZ22: 0 | FA22: 872.4375 | FB22: 0 | FC22: 0 | FD22: 1216.08 | FE22: 549.909 | FF22: 306.72 | FG22: 1517.13 | FH22: 0 | FI22: 378 | FJ22: 1288.575 | FK22: 81 | FL22: 1159.11 | FM22: 0 | FN22: 0 | FO22: 0 | FP22: 66.582 | FQ22: 999 | FR22: 873.72 | FS22: 0 | FT22: 0 | FU22: 0 | FV22: 1236.87 | FW22: 298.62 | FX22: 0 | FY22: 0 | FZ22: 0 | GA22: 0 | GB22: 1254.42 | GC22: 621 | GD22: 1028.43 | GE22: 0 | GF22: 0 | GG22: 1021.14 | GH22: 657.72 | GI22: 0 | GJ22: 406.62 | GK22: 962.01 | GL22: 1408.05 | GM22: 0 | GN22: 0 | GO22: 121.5 | GP22: 1288.683 | GQ22: 1421.28 | GR22: 0 | GS22: 0 | GT22: 598.05 | GU22: 513 | GV22: 0 | GW22: 0 | GX22: 653.4 | GY22: 0 | GZ22: 1342.44 | HA22: 0 | HB22: 598.3875 | HC22: 1085.13 | HD22: 1151.55 | HE22: 1357.29 | HF22: 1698.975 | HG22: 0 | HH22: 1178.01 | HI22: 0 | HJ22: 233 | HK22: 0 | HL22: 0 | HM22: 0 | HN22: 0 | HO22: 6023.05 | HP22: 0 | HQ22: 0 | HR22: 11543.752 | HS22: 5272.79 | HT22: 2382.192 | HU22: 14401.497 | HV22: 0 | HW22: 4077.5 | HX22: 9785.534 | HY22: 699 | HZ22: 10002.69 | IA22: 0 | IB22: 0 | IC22: 0 | ID22: 798.025 | IE22: 8621 | IF22: 7539.88 | IG22: 0 | IH22: 0 | II22: 0 | IJ22: 10673.73 | IK22: 2576.98 | IL22: 0 | IM22: 0 | IN22: 0 | IO22: 0 | IP22: 10825.18 | IQ22: 5359 | IR22: 11093.712 | IS22: 0 | IT22: 0 | IU22: 9693.266 | IV22: 5675.88 | IW22: 0 | IX22: 3508.98 | IY22: 8301.79 | IZ22: 12150.95 | JA22: 0 | JB22: 0 | JC22: 1165 | JD22: 11120.857 | JE22: 12265.12 | JF22: 0 | JG22: 0 | JH22: 4644.855 | JI22: 4427 | JJ22: 0 | JK22: 0 | JL22: 5126 | JM22: 0 | JN22: 11584.76 | JO22: 0 | JP22: 5163.8625 | JQ22: 9364.27 | JR22: 9937.45 | JS22: 11712.91 | JT22: 11729.22 | JU22: 0 | JV22: 10165.79 | JW22: 0 | JX22: 399 | JY22: 0 | JZ22: 0 | KA22: 0 | KB22: 0 | KC22: 10314.15 | KD22: 0 | KE22: 0 | KF22: 17970.96 | KG22: 8126.433 | KH22: 4985.904 | KI22: 20177.829 | KJ22: 0 | KK22: 5586 | KL22: 15233.82 | KM22: 1197 | KN22: 18841.977 | KO22: 0 | KP22: 0 | KQ22: 0 | KR22: 1366.575 | KS22: 14763 | KT22: 12911.64 | KU22: 0 | KV22: 0 | KW22: 0 | KX22: 22847.737 | KY22: 4412.94 | KZ22: 0 | LA22: 0 | LB22: 0 | LC22: 0 | LD22: 18537.54 | LE22: 10094.7 | LF22: 15197.91 | LG22: 0 | LH22: 0 | LI22: 15090.18 | LJ22: 9719.64 | LK22: 0 | LL22: 6008.94 | LM22: 14216.37 | LN22: 20807.85 | LO22: 0 | LP22: 0 | LQ22: 2194.5 | LR22: 17312.61 | LS22: 21003.36 | LT22: 0 | LU22: 0 | LV22: 8837.85 | LW22: 7581 | LX22: 0 | LY22: 0 | LZ22: 7900.2 | MA22: 0 | MB22: 19838.28 | MC22: 0 | MD22: 7074.27 | ME22: 16035.81 | MF22: 17017.35 | MG22: 20057.73 | MH22: 20085.66 | MI22: 0 | MJ22: 21760.463 | MK22: 0 | ML22: 348 | MM22: 0 | MN22: 0 | MO22: 0 | MP22: 0 | MQ22: 8995.8 | MR22: 0 | MS22: 0 | MT22: 15673.92 | MU22: 8662.764 | MV22: 4348.608 | MW22: 19554.12 | MX22: 0 | MY22: 5359.2 | MZ22: 11957.976 | NA22: 1148.4 | NB22: 14939.64 | NC22: 0 | ND22: 0 | NE22: 0 | NF22: 953.52 | NG22: 12876 | NH22: 11261.28 | NI22: 0 | NJ22: 0 | NK22: 0 | NL22: 14347.692 | NM22: 3848.88 | NN22: 0 | NO22: 0 | NP22: 0 | NQ22: 0 | NR22: 16168.08 | NS22: 8004 | NT22: 11929.788 | NU22: 0 | NV22: 0 | NW22: 16451.7 | NX22: 7629.552 | NY22: 0 | NZ22: 5240.88 | OA22: 12399.24 | OB22: 19963.02 | OC22: 0 | OD22: 0 | OE22: 1740 | OF22: 15099.72 | OG22: 22898.4 | OH22: 0 | OI22: 0 | OJ22: 7708.2 | OK22: 6612 | OL22: 0 | OM22: 0 | ON22: 7656 | OO22: 0 | OP22: 17302.56 | OQ22: 0 | OR22: 6170.04 | OS22: 13986.12 | OT22: 14842.2 | OU22: 17493.96 | OV22: 17518.32 | OW22: 0 | OX22: 13664.916 | OY22: 0 | OZ22: 286 | PA22: 0 | PB22: 0 | PC22: 0 | PD22: 0 | PE22: 8132.41 | PF22: 0 | PG22: 0 | PH22: 12881.44 | PI22: 6472.18 | PJ22: 3248.96 | PK22: 16070.34 | PL22: 0 | PM22: 4004 | PN22: 9827.532 | PO22: 858 | PP22: 12277.98 | PQ22: 0 | PR22: 0 | PS22: 0 | PT22: 862.004 | PU22: 10582 | PV22: 11568.7 | PW22: 0 | PX22: 0 | PY22: 0 | PZ22: 13101.66 | QA22: 3163.16 | QB22: 0 | QC22: 0 | QD22: 0 | QE22: 0 | QF22: 11958.804 | QG22: 6578 | QH22: 10893.74 | QI22: 0 | QJ22: 0 | QK22: 10816.52 | QL22: 7663.656 | QM22: 0 | QN22: 4307.16 | QO22: 11209.198 | QP22: 14914.9 | QQ22: 0 | QR22: 0 | QS22: 1573 | QT22: 11168.586 | QU22: 15055.04 | QV22: 0 | QW22: 0 | QX22: 7918.625 | QY22: 5434 | QZ22: 0 | RA22: 0 | RB22: 5662.8 | RC22: 0 | RD22: 14219.92 | RE22: 0 | RF22: 5070.78 | RG22: 10344.906 | RH22: 12197.9 | RI22: 14377.22 | RJ22: 14397.24 | RK22: 0 | RL22: 12478.18 | RM22: 0 | RN22: 200 | RO22: 0 | RP22: 0 | RQ22: 0 | RR22: 0 | RS22: 5170 | RT22: 0 | RU22: 0 | RV22: 9008 | RW22: 4073.4 | RX22: 2044.8 | RY22: 11238 | RZ22: 0 | SA22: 2800 | SB22: 7636 | SC22: 660 | SD22: 8586 | SE22: 0 | SF22: 0 | SG22: 0 | SH22: 548 | SI22: 7400 | SJ22: 6472 | SK22: 0 | SL22: 0 | SM22: 0 | SN22: 9162 | SO22: 2212 | SP22: 0 | SQ22: 0 | SR22: 0 | SS22: 0 | ST22: 9292 | SU22: 4600 | SV22: 7618 | SW22: 0 | SX22: 0 | SY22: 7564 | SZ22: 5359.2 | TA22: 0 | TB22: 3012 | TC22: 7126 | TD22: 10430 | TE22: 0 | TF22: 0 | TG22: 1250 | TH22: 9545.8 | TI22: 10528 | TJ22: 0 | TK22: 0 | TL22: 4430 | TM22: 3800 | TN22: 0 | TO22: 0 | TP22: 4400 | TQ22: 0 | TR22: 12430 | TS22: 0 | TT22: 3191.4 | TU22: 8038 | TV22: 8530 | TW22: 10054 | TX22: 10068 | TY22: 0 | TZ22: 8726 | UA22: 0 | UB22: 203 | UC22: 0 | UD22: 0 | UE22: 0 | UF22: 0 | UG22: 5247.55 | UH22: 0 | UI22: 0 | UJ22: 10057.432 | UK22: 4593.89 | UL22: 2536.688 | UM22: 11406.57 | UN22: 0 | UO22: 2842 | UP22: 7750.54 | UQ22: 761.25 | UR22: 7843.311 | US22: 0 | UT22: 0 | UU22: 0 | UV22: 556.22 | UW22: 8262.1 | UX22: 5912.172 | UY22: 0 | UZ22: 0 | VA22: 0 | VB22: 9299.43 | VC22: 2020.662 | VD22: 0 | VE22: 0 | VF22: 0 | VG22: 0 | VH22: 9431.38 | VI22: 4669 | VJ22: 7732.27 | VK22: 0 | VL22: 0 | VM22: 7677.46 | VN22: 4945.08 | VO22: 0 | VP22: 3057.18 | VQ22: 7232.89 | VR22: 10586.45 | VS22: 0 | VT22: 0 | VU22: 1015 | VV22: 8808.17 | VW22: 10685.92 | VX22: 0 | VY22: 0 | VZ22: 4496.45 | WA22: 3857 | WB22: 0 | WC22: 0 | WD22: 4466 | WE22: 0 | WF22: 10093.16 | WG22: 0 | WH22: 4498.9875 | WI22: 7342.713 | WJ22: 8657.95 | WK22: 11225.291 | WL22: 10219.02 | WM22: 0 | WN22: 8856.89 | WO22: 0 | WP22: 204 | WQ22: 0 | WR22: 0 | WS22: 0 | WT22: 0 | WU22: 5273.4 | WV22: 0 | WW22: 0 | WX22: 9188.16 | WY22: 4616.52 | WZ22: 2317.44 | XA22: 11462.76 | XB22: 0 | XC22: 2856 | XD22: 7788.72 | XE22: 612 | XF22: 8757.72 | XG22: 0 | XH22: 0 | XI22: 0 | XJ22: 558.96 | XK22: 8302.8 | XL22: 6601.44 | XM22: 0 | XN22: 0 | XO22: 0 | XP22: 9345.24 | XQ22: 2256.24 | XR22: 0 | XS22: 0 | XT22: 0 | XU22: 0 | XV22: 8530.056 | XW22: 4692 | XX22: 6993.324 | XY22: 0 | XZ22: 0 | YA22: 9644.1 | YB22: 4969.44 | YC22: 0 | YD22: 3072.24 | YE22: 7268.52 | YF22: 9574.74 | YG22: 0 | YH22: 0 | YI22: 1020 | YJ22: 7966.404 | YK22: 10738.56 | YL22: 0 | YM22: 0 | YN22: 4518.6 | YO22: 3876 | YP22: 0 | YQ22: 0 | YR22: 4488 | YS22: 0 | YT22: 9128.592 | YU22: 0 | YV22: 3616.92 | YW22: 8198.76 | YX22: 7830.54 | YY22: 12818.85 | YZ22: 11296.296 | ZA22: 0 | ZB22: 8900.52 | ZC22: 0 | ZD22: 201 | ZE22: 0 | ZF22: 0 | ZG22: 0 | ZH22: 0 | ZI22: 4676.265 | ZJ22: 0 | ZK22: 0 | ZL22: 9958.344 | ZM22: 4548.63 | ZN22: 2283.36 | ZO22: 11294.19 | ZP22: 0 | ZQ22: 3517.5 | ZR22: 7674.18 | ZS22: 603 | ZT22: 7766.037 | ZU22: 0 | ZV22: 0 | ZW22: 0 | ZX22: 495.666 | ZY22: 7437 | ZZ22: 5853.924 | AAA22: 0 | AAB22: 0 | AAC22: 0 | AAD22: 8287.029 | AAE22: 2000.754 | AAF22: 0 | AAG22: 0 | AAH22: 0 | AAI22: 0 | AAJ22: 11673.075 | AAK22: 4623 | AAL22: 7656.09 | AAM22: 0 | AAN22: 0 | AAO22: 7601.82 | AAP22: 4896.36 | AAQ22: 0 | AAR22: 3027.06 | AAS22: 7161.63 | AAT22: 13102.688 | AAU22: 0 | AAV22: 0 | AAW22: 1005 | AAX22: 8721.39 | AAY22: 10580.64 | AAZ22: 0 | ABA22: 0 | ABB22: 4897.365 | ABC22: 3819 | ABD22: 0 | ABE22: 0 | ABF22: 5527.5 | ABG22: 0 | ABH22: 9993.72 | ABI22: 0 | ABJ22: 3207.357 | ABK22: 8078.19 | ABL22: 9429.915 | ABM22: 10104.27 | ABN22: 10118.34 | ABO22: 0 | ABP22: 8769.63 | ABQ22: 0 | ABR22: 53 | ABS22: 0 | ABT22: 0 | ABU22: 0 | ABV22: 0 | ABW22: 1507.055 | ABX22: 0 | ABY22: 0 | ABZ22: 2387.12 | ACA22: 1199.39 | ACB22: 602.08 | ACC22: 3275.877 | ACD22: 0 | ACE22: 742 | ACF22: 2529.425 | ACG22: 159 | ACH22: 2275.29 | ACI22: 0 | ACJ22: 0 | ACK22: 0 | ACL22: 181.525 | ACM22: 1961 | ACN22: 2143.85 | ACO22: 0 | ACP22: 0 | ACQ22: 0 | ACR22: 2427.93 | ACS22: 586.18 | ACT22: 0 | ACU22: 0 | ACV22: 0 | ACW22: 0 | ACX22: 2708.618 | ACY22: 1097.1 | ACZ22: 2018.77 | ADA22: 0 | ADB22: 0 | ADC22: 2004.46 | ADD22: 1291.08 | ADE22: 0 | ADF22: 877.998 | ADG22: 1888.39 | ADH22: 2763.95 | ADI22: 0 | ADJ22: 0 | ADK22: 265 | ADL22: 2299.67 | ADM22: 2789.92 | ADN22: 0 | ADO22: 0 | ADP22: 1173.95 | ADQ22: 1107.7 | ADR22: 0 | ADS22: 0 | ADT22: 1166 | ADU22: 0 | ADV22: 2371.644 | ADW22: 0 | ADX22: 939.69 | ADY22: 2343.077 | ADZ22: 2260.45 | AEA22: 2664.31 | AEB22: 2668.02 | AEC22: 0 | AED22: 2890.4875 | AEE22: 0 | AEF22: 246 | AEG22: 0 | AEH22: 0 | AEI22: 0 | AEJ22: 0 | AEK22: 6359.1 | AEL22: 0 | AEM22: 0 | AEN22: 11079.84 | AEO22: 5566.98 | AEP22: 3074.016 | AEQ22: 15205.014 | AER22: 0 | AES22: 3444 | AET22: 9392.28 | AEU22: 738 | AEV22: 9504.702 | AEW22: 0 | AEX22: 0 | AEY22: 0 | AEZ22: 606.636 | AFA22: 9102 | AFB22: 8756.616 | AFC22: 0 | AFD22: 0 | AFE22: 0 | AFF22: 11269.26 | AFG22: 2720.76 | AFH22: 0 | AFI22: 0 | AFJ22: 0 | AFK22: 0 | AFL22: 11429.16 | AFM22: 5658 | AFN22: 8433.126 | AFO22: 0 | AFP22: 0 | AFQ22: 9303.72 | AFR22: 5393.304 | AFS22: 0 | AFT22: 3704.76 | AFU22: 8764.98 | AFV22: 12828.9 | AFW22: 0 | AFX22: 0 | AFY22: 1230 | AFZ22: 9606.546 | AGA22: 12949.44 | AGB22: 0 | AGC22: 0 | AGD22: 5448.9 | AGE22: 4674 | AGF22: 0 | AGG22: 0 | AGH22: 5412 | AGI22: 0 | AGJ22: 15288.9 | AGK22: 0 | AGL22: 4797.738 | AGM22: 10875.414 | AGN22: 10491.9 | AGO22: 12366.42 | AGP22: 12383.64 | AGQ22: 0 | AGR22: 9659.682 | AGS22: 0 | AGU22: =IF($P22>0,CH22*$K22,0) -> 378 | AGV22: =IF($P22>0,EV22*$K22,0) -> 27 | AGW22: =IF($P22>0,HJ22*$K22,0) -> 233 | AGX22: =IF($P22>0,JX22*$K22,0) -> 399 | AGY22: =IF($P22>0,ML22*$K22,0) -> 348 | AGZ22: =IF($P22>0,OZ22*$K22,0) -> 286 | AHA22: =IF($P22>0,RN22*$K22,0) -> 200 | AHB22: =IF($P22>0,UB22*$K22,0) -> 203 | AHC22: =IF($P22>0,WP22*$K22,0) -> 204 | AHD22: =IF($P22>0,ZD22*$K22,0) -> 201 | AHE22: =IF($P22>0,ABR22*$K22,0) -> 53 | AHF22: =IF($P22>0,AEF22*$K22,0) -> 246
